CHECK ['build.py']
Building site...
  87 blog post(s)
  12 article focus area(s)
  5 case stud(ies)
  6 project(s)
  23 glossary term(s)
Done → output/
SEO audit passed: 141 HTML pages, 140 sitemap URLs, 140 unique canonicals.
RESULT 0
CHECK ['-m', 'unittest', 'discover', '-s', 'tests', '-v']
test_location_is_part_of_the_cache_identity (test_ai_overview_citations.CacheIdentityTests.test_location_is_part_of_the_cache_identity) ... ok
test_slug_collisions_do_not_share_a_cache_file (test_ai_overview_citations.CacheIdentityTests.test_slug_collisions_do_not_share_a_cache_file) ... ok
test_approved_fetch_is_cached_and_logged_once (test_ai_overview_citations.CliSpendGateTests.test_approved_fetch_is_cached_and_logged_once) ... ok
test_cached_result_needs_no_spend_decision (test_ai_overview_citations.CliSpendGateTests.test_cached_result_needs_no_spend_decision) ... ok
test_dry_run_with_credentials_never_fetches (test_ai_overview_citations.CliSpendGateTests.test_dry_run_with_credentials_never_fetches) ... ok
test_missing_credentials_costs_only_uncached_keywords_and_never_fetches (test_ai_overview_citations.CliSpendGateTests.test_missing_credentials_costs_only_uncached_keywords_and_never_fetches) ... ok
test_strict_mode_fails_an_empty_api_response (test_ai_overview_citations.CliSpendGateTests.test_strict_mode_fails_an_empty_api_response) ... ok
test_uncached_request_without_decision_is_refused_before_fetch (test_ai_overview_citations.CliSpendGateTests.test_uncached_request_without_decision_is_refused_before_fetch) ... ok
test_different_paths_on_one_domain_are_not_page_overlap (test_ai_overview_citations.PageIdentityTests.test_different_paths_on_one_domain_are_not_page_overlap) ... ok
test_invalid_and_out_of_range_ranks_are_not_top_ten (test_ai_overview_citations.PageIdentityTests.test_invalid_and_out_of_range_ranks_are_not_top_ten) ... ok
test_report_names_page_and_domain_overlap_separately (test_ai_overview_citations.PageIdentityTests.test_report_names_page_and_domain_overlap_separately) ... ok
test_scheme_www_query_fragment_and_trailing_slash_do_not_split_a_page (test_ai_overview_citations.PageIdentityTests.test_scheme_www_query_fragment_and_trailing_slash_do_not_split_a_page) ... ok
test_the_same_normalized_page_is_overlap (test_ai_overview_citations.PageIdentityTests.test_the_same_normalized_page_is_overlap) ... ok
test_no_overview_is_not_confused_with_an_empty_overview (test_ai_overview_citations.ParseTests.test_no_overview_is_not_confused_with_an_empty_overview) ... ok
test_top_level_and_nested_references_are_deduplicated_by_url (test_ai_overview_citations.ParseTests.test_top_level_and_nested_references_are_deduplicated_by_url) ... ok
test_bad_page_reaches_a_low_band (test_aio_checker.DiscriminationTests.test_bad_page_reaches_a_low_band) ... ok
test_good_page_passes_more_than_bad_page (test_aio_checker.DiscriminationTests.test_good_page_passes_more_than_bad_page) ... ok
test_good_page_reaches_a_high_band (test_aio_checker.DiscriminationTests.test_good_page_reaches_a_high_band) ... ok
test_deterministic (test_aio_checker.EngineContractTests.test_deterministic) ... ok
test_empty_input_returns_no_checks (test_aio_checker.EngineContractTests.test_empty_input_returns_no_checks) ... ok
test_engine_exists_and_is_pure (test_aio_checker.EngineContractTests.test_engine_exists_and_is_pure) ... ok
test_every_basis_carries_a_date (test_aio_checker.EngineContractTests.test_every_basis_carries_a_date)
An undated basis is not defensible, so each one must cite a dated source. ... ok
test_every_check_declares_a_basis_and_confidence (test_aio_checker.EngineContractTests.test_every_check_declares_a_basis_and_confidence) ... ok
test_no_weighted_score_is_exposed (test_aio_checker.EngineContractTests.test_no_weighted_score_is_exposed)
Ninad's constraint: expose the method, never a formula implying precision. ... ok
test_only_documented_checks_are_snippet_and_schema (test_aio_checker.EngineContractTests.test_only_documented_checks_are_snippet_and_schema) ... ok
test_html_entities_are_decoded (test_aio_checker.HtmlModeTests.test_html_entities_are_decoded) ... ok
test_html_headings_and_paragraphs_are_extracted (test_aio_checker.HtmlModeTests.test_html_headings_and_paragraphs_are_extracted) ... ok
test_markdown_input_skips_html_only_checks (test_aio_checker.HtmlModeTests.test_markdown_input_skips_html_only_checks) ... ok
test_no_robots_tag_passes (test_aio_checker.HtmlModeTests.test_no_robots_tag_passes) ... ok
test_noindex_is_flagged (test_aio_checker.HtmlModeTests.test_noindex_is_flagged) ... ok
test_nosnippet_is_flagged_as_documented (test_aio_checker.HtmlModeTests.test_nosnippet_is_flagged_as_documented) ... ok
test_positive_max_snippet_is_flagged (test_aio_checker.HtmlModeTests.test_positive_max_snippet_is_flagged) ... ok
test_schema_is_never_an_attention_status (test_aio_checker.HtmlModeTests.test_schema_is_never_an_attention_status)
Google states schema is not required for generative AI features. ... ok
test_schema_type_array_is_parsed (test_aio_checker.HtmlModeTests.test_schema_type_array_is_parsed) ... ok
test_script_and_style_content_is_not_treated_as_prose (test_aio_checker.HtmlModeTests.test_script_and_style_content_is_not_treated_as_prose) ... ok
test_unrestricted_max_snippet_passes (test_aio_checker.HtmlModeTests.test_unrestricted_max_snippet_passes) ... ok
test_x_robots_tag_header_alone_blocks_snippets (test_aio_checker.HtmlModeTests.test_x_robots_tag_header_alone_blocks_snippets)
A page can be excluded by the header with nothing in its markup. ... ok
test_x_robots_tag_without_directives_still_passes (test_aio_checker.HtmlModeTests.test_x_robots_tag_without_directives_still_passes) ... ok
test_assertive_heading_passes (test_aio_checker.IndividualCheckTests.test_assertive_heading_passes) ... ok
test_dangling_number_is_flagged (test_aio_checker.IndividualCheckTests.test_dangling_number_is_flagged)
A number trailed only by punctuation cannot be interpreted once lifted. ... ok
test_dated_page_without_time_relative_claims_passes (test_aio_checker.IndividualCheckTests.test_dated_page_without_time_relative_claims_passes) ... ok
test_definition_sentence_is_detected (test_aio_checker.IndividualCheckTests.test_definition_sentence_is_detected) ... ok
test_direct_opening_passes (test_aio_checker.IndividualCheckTests.test_direct_opening_passes) ... ok
test_limits_section_passes (test_aio_checker.IndividualCheckTests.test_limits_section_passes) ... ok
test_missing_definition_is_flagged (test_aio_checker.IndividualCheckTests.test_missing_definition_is_flagged) ... ok
test_named_subject_section_opening_passes (test_aio_checker.IndividualCheckTests.test_named_subject_section_opening_passes) ... ok
test_no_limits_is_flagged (test_aio_checker.IndividualCheckTests.test_no_limits_is_flagged) ... ok
test_no_numbers_skips_the_numeric_checks (test_aio_checker.IndividualCheckTests.test_no_numbers_skips_the_numeric_checks) ... ok
test_no_subheadings_is_flagged (test_aio_checker.IndividualCheckTests.test_no_subheadings_is_flagged) ... ok
test_number_followed_by_the_noun_it_counts_passes (test_aio_checker.IndividualCheckTests.test_number_followed_by_the_noun_it_counts_passes)
"47 problems" names its own unit, so it must not be flagged. ... ok
test_numbers_with_units_pass (test_aio_checker.IndividualCheckTests.test_numbers_with_units_pass) ... ok
test_percentage_passes (test_aio_checker.IndividualCheckTests.test_percentage_passes) ... ok
test_preamble_opening_is_flagged (test_aio_checker.IndividualCheckTests.test_preamble_opening_is_flagged) ... ok
test_pronoun_section_opening_is_flagged (test_aio_checker.IndividualCheckTests.test_pronoun_section_opening_is_flagged) ... ok
test_question_heading_passes (test_aio_checker.IndividualCheckTests.test_question_heading_passes) ... ok
test_time_relative_claim_without_a_date_is_flagged (test_aio_checker.IndividualCheckTests.test_time_relative_claim_without_a_date_is_flagged) ... ok
test_topic_label_headings_are_flagged (test_aio_checker.IndividualCheckTests.test_topic_label_headings_are_flagged) ... ok
test_undated_page_is_flagged (test_aio_checker.IndividualCheckTests.test_undated_page_is_flagged) ... ok
test_checks_are_ordered_with_the_hard_requirement_first (test_aio_checker.RealPageTests.test_checks_are_ordered_with_the_hard_requirement_first) ... ok
test_fenced_code_is_not_parsed_as_headings (test_aio_checker.RealPageTests.test_fenced_code_is_not_parsed_as_headings) ... ok
test_json_ld_in_head_is_still_found_when_prose_comes_from_main (test_aio_checker.RealPageTests.test_json_ld_in_head_is_still_found_when_prose_comes_from_main) ... ok
test_navigation_and_footer_are_not_analysed_as_prose (test_aio_checker.RealPageTests.test_navigation_and_footer_are_not_analysed_as_prose)
Regression: a footer "Latest posts" list registered as an undated ... ok
test_preamble_in_navigation_does_not_fail_the_opening_check (test_aio_checker.RealPageTests.test_preamble_in_navigation_does_not_fail_the_opening_check) ... ok
test_robots_meta_in_head_is_still_found (test_aio_checker.RealPageTests.test_robots_meta_in_head_is_still_found) ... ok
test_a_nonexistent_path_does_not_crash (test_audit_claims.AuditClaimsContractTests.test_a_nonexistent_path_does_not_crash) ... ok
test_count_line_is_machine_readable (test_audit_claims.AuditClaimsContractTests.test_count_line_is_machine_readable) ... ok
test_empty_paths_means_no_posts (test_audit_claims.AuditClaimsContractTests.test_empty_paths_means_no_posts) ... ok
test_first_person_judgment_is_not_flagged (test_audit_claims.AuditClaimsContractTests.test_first_person_judgment_is_not_flagged) ... ok
test_scanner_reports_candidates_not_verdicts (test_audit_claims.AuditClaimsContractTests.test_scanner_reports_candidates_not_verdicts)
The wording is load-bearing: a hit is for a reviewer to classify. ... ok
test_a_duration_about_something_else_is_not_a_claim (test_audit_claims.ExperienceClaimTests.test_a_duration_about_something_else_is_not_a_claim)
The distinction that keeps the detector usable. ... ok
test_a_duration_with_a_first_person_marker_is_a_claim (test_audit_claims.ExperienceClaimTests.test_a_duration_with_a_first_person_marker_is_a_claim) ... ok
test_duration_plus_taught_me_is_a_claim (test_audit_claims.ExperienceClaimTests.test_duration_plus_taught_me_is_a_claim) ... ok
test_first_person_duration_without_of_is_a_claim (test_audit_claims.ExperienceClaimTests.test_first_person_duration_without_of_is_a_claim) ... ok
test_have_benchmarked_is_a_claim_without_a_number (test_audit_claims.ExperienceClaimTests.test_have_benchmarked_is_a_claim_without_a_number)
A claimed experiment is falsifiable even when its result is qualitative. ... ok
test_have_debugged_is_a_claim (test_audit_claims.ExperienceClaimTests.test_have_debugged_is_a_claim) ... ok
test_have_watched_and_examined_are_past_evidence_claims (test_audit_claims.ExperienceClaimTests.test_have_watched_and_examined_are_past_evidence_claims) ... ok
test_in_my_experience_is_a_claim (test_audit_claims.ExperienceClaimTests.test_in_my_experience_is_a_claim) ... ok
test_indirect_experience_phrasings_are_claims (test_audit_claims.ExperienceClaimTests.test_indirect_experience_phrasings_are_claims) ... ok
test_possessive_experience_is_a_claim (test_audit_claims.ExperienceClaimTests.test_possessive_experience_is_a_claim) ... ok
test_stated_judgment_is_still_not_flagged (test_audit_claims.ExperienceClaimTests.test_stated_judgment_is_still_not_flagged)
my approach / my focus are positions, not events. ... ok
test_a_claim_that_merely_mentions_a_link_is_not_suppressed (test_audit_claims.NavigationSuppressionTests.test_a_claim_that_merely_mentions_a_link_is_not_suppressed)
A sentence using a link as proof must still be flagged. ... ok
test_a_real_claim_in_prose_is_not_navigation (test_audit_claims.NavigationSuppressionTests.test_a_real_claim_in_prose_is_not_navigation) ... ok
test_faq_questions_are_navigation (test_audit_claims.NavigationSuppressionTests.test_faq_questions_are_navigation) ... ok
test_headings_are_navigation (test_audit_claims.NavigationSuppressionTests.test_headings_are_navigation) ... ok
test_reading_list_bullet_is_navigation (test_audit_claims.NavigationSuppressionTests.test_reading_list_bullet_is_navigation) ... ok
test_a_claim_beside_inline_code_still_counts (test_audit_claims.ReviewerIdentifiedRefinementTests.test_a_claim_beside_inline_code_still_counts)
Stripping code spans must not smuggle the surrounding claim out with them. ... ok
test_bold_faq_question_is_suppressed (test_audit_claims.ReviewerIdentifiedRefinementTests.test_bold_faq_question_is_suppressed) ... ok
test_inline_code_is_quoted_not_asserted (test_audit_claims.ReviewerIdentifiedRefinementTests.test_inline_code_is_quoted_not_asserted) ... ok
test_real_claims_survive_both_refinements (test_audit_claims.ReviewerIdentifiedRefinementTests.test_real_claims_survive_both_refinements) ... ok
test_the_faq_answer_is_still_scanned (test_audit_claims.ReviewerIdentifiedRefinementTests.test_the_faq_answer_is_still_scanned) ... ok
test_latency_range_is_a_candidate (test_audit_claims.UnsupportedNumericResultTests.test_latency_range_is_a_candidate) ... ok
test_ordinary_architecture_number_is_not_promoted (test_audit_claims.UnsupportedNumericResultTests.test_ordinary_architecture_number_is_not_promoted) ... ok
test_unattributed_score_change_is_a_candidate (test_audit_claims.UnsupportedNumericResultTests.test_unattributed_score_change_is_a_candidate) ... ok
test_vendor_price_is_a_candidate (test_audit_claims.UnsupportedNumericResultTests.test_vendor_price_is_a_candidate) ... ok
test_h1_is_ignored_because_the_template_owns_it (test_audit_headings.HeadingParsingTests.test_h1_is_ignored_because_the_template_owns_it) ... ok
test_headings_inside_code_fences_are_not_document_headings (test_audit_headings.HeadingParsingTests.test_headings_inside_code_fences_are_not_document_headings)
A `## ` in a shell or YAML sample is not structure. ... ok
test_prose_is_attributed_to_the_heading_above_it (test_audit_headings.HeadingParsingTests.test_prose_is_attributed_to_the_heading_above_it) ... ok
test_a_draft_is_not_audited (test_audit_headings.RuleDetectionTests.test_a_draft_is_not_audited) ... ok
test_a_heading_over_a_short_paragraph_is_flagged (test_audit_headings.RuleDetectionTests.test_a_heading_over_a_short_paragraph_is_flagged) ... ok
test_a_nested_document_is_not_flat (test_audit_headings.RuleDetectionTests.test_a_nested_document_is_not_flat) ... ok
test_all_h2s_is_flat (test_audit_headings.RuleDetectionTests.test_all_h2s_is_flat) ... ok
test_one_h3_under_an_h2_is_flagged (test_audit_headings.RuleDetectionTests.test_one_h3_under_an_h2_is_flagged) ... ok
test_skipping_a_level_is_flagged (test_audit_headings.RuleDetectionTests.test_skipping_a_level_is_flagged) ... ok
test_two_h3s_under_an_h2_is_not_flagged (test_audit_headings.RuleDetectionTests.test_two_h3s_under_an_h2_is_not_flagged) ... ok
test_content_image_optimization_preserves_explicit_loading (test_build.BuildHelperTests.test_content_image_optimization_preserves_explicit_loading) ... ok
test_content_images_get_lazy_loading_and_intrinsic_dimensions (test_build.BuildHelperTests.test_content_images_get_lazy_loading_and_intrinsic_dimensions) ... ok
test_extract_faqs_supports_heading_and_bold_questions (test_build.BuildHelperTests.test_extract_faqs_supports_heading_and_bold_questions) ... ok
test_format_date_iso_accepts_dates_and_datetimes (test_build.BuildHelperTests.test_format_date_iso_accepts_dates_and_datetimes) ... ok
test_reading_time_has_one_minute_minimum (test_build.BuildHelperTests.test_reading_time_has_one_minute_minimum) ... ok
test_slugify_normalizes_punctuation_and_spacing (test_build.BuildHelperTests.test_slugify_normalizes_punctuation_and_spacing) ... ok
test_sort_key_breaks_same_date_ties_by_slug (test_build.BuildHelperTests.test_sort_key_breaks_same_date_ties_by_slug) ... ok
test_sort_key_falls_back_for_invalid_dates (test_build.BuildHelperTests.test_sort_key_falls_back_for_invalid_dates) ... ok
test_category_loader_assigns_each_post_once_and_uses_explicit_category (test_build.CategoryArchiveTests.test_category_loader_assigns_each_post_once_and_uses_explicit_category) ... ok
test_sitemap_includes_category_archives (test_build.CategoryArchiveTests.test_sitemap_includes_category_archives) ... ok
test_sitemap_omits_a_category_with_no_posts (test_build.CategoryArchiveTests.test_sitemap_omits_a_category_with_no_posts)
An empty category renders no page, so listing it would be a soft 404. ... ok
test_article_visual_styles_stay_out_of_global_css (test_build.DesignSystemTests.test_article_visual_styles_stay_out_of_global_css) ... ok
test_fixed_type_sizes_use_tokens (test_build.DesignSystemTests.test_fixed_type_sizes_use_tokens) ... ok
test_flowchart_svgs_include_dark_theme_and_accessible_titles (test_build.DesignSystemTests.test_flowchart_svgs_include_dark_theme_and_accessible_titles) ... ok
test_handwritten_css_uses_color_tokens (test_build.DesignSystemTests.test_handwritten_css_uses_color_tokens) ... ok
test_latest_article_uses_responsive_svg_flowchart_instead_of_raster (test_build.DesignSystemTests.test_latest_article_uses_responsive_svg_flowchart_instead_of_raster) ... ok
test_both_llms_txt_tools_are_in_the_sitemap (test_build.SitemapTests.test_both_llms_txt_tools_are_in_the_sitemap)
Neither tool may fall out of the sitemap: each is a separate search intent. ... ok
test_static_tool_page_does_not_get_build_date_as_lastmod (test_build.SitemapTests.test_static_tool_page_does_not_get_build_date_as_lastmod) ... ok
test_ai_crawler_checker_is_wired_everywhere (test_build.ToolDiscoverabilityTests.test_ai_crawler_checker_is_wired_everywhere) ... ok
test_ai_overviews_checker_is_wired_everywhere (test_build.ToolDiscoverabilityTests.test_ai_overviews_checker_is_wired_everywhere)
Primary tool target: "ai overviews checker", 700/mo, KD 0, no AI ... ok
test_both_tools_declare_software_application_schema (test_build.ToolDiscoverabilityTests.test_both_tools_declare_software_application_schema) ... ok
test_checker_declares_software_application_schema (test_build.ToolDiscoverabilityTests.test_checker_declares_software_application_schema) ... ok
test_checker_never_promises_ai_overview_placement (test_build.ToolDiscoverabilityTests.test_checker_never_promises_ai_overview_placement)
Google states there are no special optimisations for AI Overviews, so ... ok
test_checker_paste_path_never_transmits_input (test_build.ToolDiscoverabilityTests.test_checker_paste_path_never_transmits_input) ... ok
test_checker_reuses_linter_css_and_adds_none (test_build.ToolDiscoverabilityTests.test_checker_reuses_linter_css_and_adds_none) ... ok
test_crawler_checker_declares_its_cluster (test_build.ToolDiscoverabilityTests.test_crawler_checker_declares_its_cluster) ... ok
test_crawler_checker_declares_software_application_schema (test_build.ToolDiscoverabilityTests.test_crawler_checker_declares_software_application_schema) ... ok
test_crawler_checker_paste_path_never_transmits_input (test_build.ToolDiscoverabilityTests.test_crawler_checker_paste_path_never_transmits_input) ... ok
test_crawler_checker_states_the_edge_blocking_limit (test_build.ToolDiscoverabilityTests.test_crawler_checker_states_the_edge_blocking_limit)
It must never imply robots.txt is enforcement. ... ok
test_footer_reaches_both_llms_txt_tools_through_the_tools_index (test_build.ToolDiscoverabilityTests.test_footer_reaches_both_llms_txt_tools_through_the_tools_index)
The footer links /tools/, not five tools. ... ok
test_footer_reaches_the_glossary (test_build.ToolDiscoverabilityTests.test_footer_reaches_the_glossary)
25 term pages, 24 of them indexed, shipped completely orphaned. ... ok
test_generator_no_longer_claims_it_sends_nothing_to_a_server (test_build.ToolDiscoverabilityTests.test_generator_no_longer_claims_it_sends_nothing_to_a_server)
It POSTs the domain and discovered URLs to /api/discover-site, so the ... ok
test_no_template_hardcodes_the_label_slash_prefix (test_build.ToolDiscoverabilityTests.test_no_template_hardcodes_the_label_slash_prefix)
.label::before already emits "//", so a hardcoded one renders "// //". ... ok
test_no_tool_page_adds_inline_css (test_build.ToolDiscoverabilityTests.test_no_tool_page_adds_inline_css)
Standing order 4: no new CSS, ever. ... ok
test_paste_path_never_transmits_input (test_build.ToolDiscoverabilityTests.test_paste_path_never_transmits_input)
Privacy contract: only the domain lookup may touch the network. ... ok
test_projects_yaml_lists_both_llms_txt_tools (test_build.ToolDiscoverabilityTests.test_projects_yaml_lists_both_llms_txt_tools) ... ok
test_site_llms_txt_lists_every_tool (test_build.ToolDiscoverabilityTests.test_site_llms_txt_lists_every_tool) ... ok
test_tools_cross_reference_each_other_in_schema (test_build.ToolDiscoverabilityTests.test_tools_cross_reference_each_other_in_schema) ... ok
test_tools_index_lists_every_built_tool (test_build.ToolDiscoverabilityTests.test_tools_index_lists_every_built_tool)
The inventory in config.toml must match the tools the build actually renders. ... ok
test_validator_reuses_linter_css_and_adds_none (test_build.ToolDiscoverabilityTests.test_validator_reuses_linter_css_and_adds_none) ... ok
test_accepts_another_post_linking_to_the_target_article (test_check_link_retrofit.LinkRetrofitGateTests.test_accepts_another_post_linking_to_the_target_article) ... ok
test_does_not_count_the_target_post_linking_to_itself (test_check_link_retrofit.LinkRetrofitGateTests.test_does_not_count_the_target_post_linking_to_itself) ... ok
test_rejects_a_target_without_an_inbound_post_link (test_check_link_retrofit.LinkRetrofitGateTests.test_rejects_a_target_without_an_inbound_post_link) ... ok
test_declared_subcluster_may_not_contradict_queue (test_content_brief.ContentBriefGuardTests.test_declared_subcluster_may_not_contradict_queue) ... ok
test_duplicate_brief_refuses (test_content_brief.ContentBriefGuardTests.test_duplicate_brief_refuses) ... ok
test_fixed_field_mismatch_refuses (test_content_brief.ContentBriefGuardTests.test_fixed_field_mismatch_refuses) ... ok
test_matching_brief_passes_when_optional_subcluster_is_absent (test_content_brief.ContentBriefGuardTests.test_matching_brief_passes_when_optional_subcluster_is_absent) ... ok
test_missing_brief_refuses (test_content_brief.ContentBriefGuardTests.test_missing_brief_refuses) ... ok
test_queue_order_must_be_unique (test_content_brief.ContentBriefGuardTests.test_queue_order_must_be_unique) ... ok
test_wrapped_cluster_and_matching_subcluster_pass (test_content_brief.ContentBriefGuardTests.test_wrapped_cluster_and_matching_subcluster_pass) ... ok
test_a_shipped_commit_wins_even_before_the_slot (test_daily_cycle.TestPublishDeadline.test_a_shipped_commit_wins_even_before_the_slot) ... ok
test_missing_publish_after_slot_is_an_alarm (test_daily_cycle.TestPublishDeadline.test_missing_publish_after_slot_is_an_alarm) ... ok
test_missing_publish_before_slot_is_not_due_not_an_alarm (test_daily_cycle.TestPublishDeadline.test_missing_publish_before_slot_is_not_due_not_an_alarm) ... ok
test_naive_datetime_is_refused (test_daily_cycle.TestPublishDeadline.test_naive_datetime_is_refused) ... ok
test_lag_is_none_or_a_non_negative_int (test_deploy_check.DeployLagTests.test_lag_is_none_or_a_non_negative_int)
Runs against the real repo, so it asserts the shape rather than a value. ... ok
test_rendering_paths_are_the_ones_that_matter (test_deploy_check.DeployLagTests.test_rendering_paths_are_the_ones_that_matter)
A guard on intent: docs and planning must not start the deploy clock. ... ok
test_grace_window_is_a_named_constant (test_deploy_check.DeployLineTests.test_grace_window_is_a_named_constant) ... ok
test_mismatch_inside_grace_window_is_waiting_not_alarm (test_deploy_check.DeployLineTests.test_mismatch_inside_grace_window_is_waiting_not_alarm) ... ok
test_mismatch_past_grace_window_is_an_alarm (test_deploy_check.DeployLineTests.test_mismatch_past_grace_window_is_an_alarm) ... ok
test_no_problems_reads_as_live (test_deploy_check.DeployLineTests.test_no_problems_reads_as_live) ... ok
test_unknown_lag_is_reported_not_hidden (test_deploy_check.DeployLineTests.test_unknown_lag_is_reported_not_hidden) ... ok
test_build_precedes_every_check_that_reads_generated_output (test_deploy_check.PublishGateOrderTests.test_build_precedes_every_check_that_reads_generated_output) ... ok
test_external_task_without_internal_context_is_external (test_documentation_placement_audit.DocumentationPlacementAuditTests.test_external_task_without_internal_context_is_external) ... ok
test_missing_governance_fields_fail_validation (test_documentation_placement_audit.DocumentationPlacementAuditTests.test_missing_governance_fields_fail_validation) ... ok
test_sensitive_internal_task_stays_internal (test_documentation_placement_audit.DocumentationPlacementAuditTests.test_sensitive_internal_task_stays_internal) ... ok
test_shared_subject_with_private_context_is_split (test_documentation_placement_audit.DocumentationPlacementAuditTests.test_shared_subject_with_private_context_is_split) ... ok
test_unowned_task_is_flagged_for_review (test_documentation_placement_audit.DocumentationPlacementAuditTests.test_unowned_task_is_flagged_for_review) ... ok
test_cli_writes_svg_png_and_geometry_receipt (test_flowchart_generator.FlowchartGeneratorTests.test_cli_writes_svg_png_and_geometry_receipt) ... ok
test_connectors_route_around_unrelated_nodes (test_flowchart_generator.FlowchartGeneratorTests.test_connectors_route_around_unrelated_nodes) ... ok
test_each_connector_starts_and_ends_on_the_expected_box_boundary (test_flowchart_generator.FlowchartGeneratorTests.test_each_connector_starts_and_ends_on_the_expected_box_boundary) ... ok
test_layout_fits_the_real_prose_slot_at_desktop_and_mobile (test_flowchart_generator.FlowchartGeneratorTests.test_layout_fits_the_real_prose_slot_at_desktop_and_mobile) ... ok
test_layout_has_no_box_overlap_or_clipping (test_flowchart_generator.FlowchartGeneratorTests.test_layout_has_no_box_overlap_or_clipping) ... ok
test_palette_is_derived_from_the_light_site_tokens (test_flowchart_generator.FlowchartGeneratorTests.test_palette_is_derived_from_the_light_site_tokens) ... ok
test_skipped_layer_is_rejected_before_it_can_create_an_ambiguous_route (test_flowchart_generator.FlowchartGeneratorTests.test_skipped_layer_is_rejected_before_it_can_create_an_ambiguous_route) ... ok
test_svg_uses_only_the_derived_site_palette_and_is_deterministic (test_flowchart_generator.FlowchartGeneratorTests.test_svg_uses_only_the_derived_site_palette_and_is_deterministic) ... ok
test_every_slug_is_unique (test_glossary_integrity.GlossaryIntegrityTests.test_every_slug_is_unique) ... ok
test_every_term_has_a_real_definition (test_glossary_integrity.GlossaryIntegrityTests.test_every_term_has_a_real_definition)
A published term must not ship a placeholder. ... ok
test_glossary_has_terms (test_glossary_integrity.GlossaryIntegrityTests.test_glossary_has_terms) ... ok
test_related_terms_all_resolve (test_glossary_integrity.GlossaryIntegrityTests.test_related_terms_all_resolve) ... ok
test_a_large_gap_on_a_real_sample_is_called_a_difference (test_gsc_attribution.TestAgedVerdict.test_a_large_gap_on_a_real_sample_is_called_a_difference) ... ok
test_a_large_gap_on_a_tiny_sample_is_still_indistinguishable (test_gsc_attribution.TestAgedVerdict.test_a_large_gap_on_a_tiny_sample_is_still_indistinguishable) ... ok
test_a_two_day_gap_on_one_tool_is_called_indistinguishable (test_gsc_attribution.TestAgedVerdict.test_a_two_day_gap_on_one_tool_is_called_indistinguishable) ... ok
test_no_aged_tool_says_so_rather_than_concluding (test_gsc_attribution.TestAgedVerdict.test_no_aged_tool_says_so_rather_than_concluding) ... ok
test_the_sample_size_caveat_is_always_present (test_gsc_attribution.TestAgedVerdict.test_the_sample_size_caveat_is_always_present) ... ok
test_fetch_rows_paginates_past_the_api_row_limit (test_gsc_attribution.TestCompletePull.test_fetch_rows_paginates_past_the_api_row_limit) ... ok
test_new_date_preserves_nested_headings (test_gsc_attribution.TestDatedReportIsIdempotent.test_new_date_preserves_nested_headings) ... ok
test_preexisting_same_date_duplicates_collapse_to_one (test_gsc_attribution.TestDatedReportIsIdempotent.test_preexisting_same_date_duplicates_collapse_to_one) ... ok
test_same_date_is_replaced_not_appended (test_gsc_attribution.TestDatedReportIsIdempotent.test_same_date_is_replaced_not_appended) ... ok
test_a_real_answer_is_a_day_count (test_gsc_attribution.TestDescribeThreeStates.test_a_real_answer_is_a_day_count) ... ok
test_day_zero_renders_as_a_day_count_not_as_absence (test_gsc_attribution.TestDescribeThreeStates.test_day_zero_renders_as_a_day_count_not_as_absence) ... ok
test_no_state_ever_renders_as_a_bare_zero (test_gsc_attribution.TestDescribeThreeStates.test_no_state_ever_renders_as_a_bare_zero) ... ok
test_observable_but_silent_is_a_measurement (test_gsc_attribution.TestDescribeThreeStates.test_observable_but_silent_is_a_measurement) ... ok
test_younger_than_the_lag_is_no_data_yet (test_gsc_attribution.TestDescribeThreeStates.test_younger_than_the_lag_is_no_data_yet) ... ok
test_zero_observable_days_is_still_a_measurement_not_no_data (test_gsc_attribution.TestDescribeThreeStates.test_zero_observable_days_is_still_a_measurement_not_no_data) ... ok
test_a_silent_series_returns_none_not_zero (test_gsc_attribution.TestFirstDay.test_a_silent_series_returns_none_not_zero) ... ok
test_an_empty_series_returns_none (test_gsc_attribution.TestFirstDay.test_an_empty_series_returns_none) ... ok
test_clicks_and_impressions_are_tracked_separately (test_gsc_attribution.TestFirstDay.test_clicks_and_impressions_are_tracked_separately) ... ok
test_days_are_counted_from_the_start_date (test_gsc_attribution.TestFirstDay.test_days_are_counted_from_the_start_date) ... ok
test_impressions_predating_the_start_give_a_negative_day (test_gsc_attribution.TestFirstDay.test_impressions_predating_the_start_give_a_negative_day)
A recovered URL earns before its current source file exists; that is detectable. ... ok
test_a_real_two_sided_comparison_refuses_to_call_it_a_trend (test_gsc_attribution.TestNewPageVerdict.test_a_real_two_sided_comparison_refuses_to_call_it_a_trend) ... ok
test_articles_ahead_is_not_read_as_the_bet_being_wrong (test_gsc_attribution.TestNewPageVerdict.test_articles_ahead_is_not_read_as_the_bet_being_wrong) ... ok
test_nothing_observable_is_not_answerable_yet (test_gsc_attribution.TestNewPageVerdict.test_nothing_observable_is_not_answerable_yet) ... ok
test_observable_but_silent_is_called_a_measurement (test_gsc_attribution.TestNewPageVerdict.test_observable_but_silent_is_called_a_measurement) ... ok
test_every_tool_template_maps_to_a_cluster_four_url (test_gsc_attribution.TestToolsAreAllTracked.test_every_tool_template_maps_to_a_cluster_four_url) ... ok
test_the_tool_set_is_not_silently_empty (test_gsc_attribution.TestToolsAreAllTracked.test_the_tool_set_is_not_silently_empty) ... ok
test_an_empty_series_has_no_weeks (test_gsc_attribution.TestTrajectory.test_an_empty_series_has_no_weeks) ... ok
test_position_is_impression_weighted_per_week (test_gsc_attribution.TestTrajectory.test_position_is_impression_weighted_per_week) ... ok
test_weeks_are_separated_and_ordered (test_gsc_attribution.TestTrajectory.test_weeks_are_separated_and_ordered) ... ok
test_build_exposes_exact_floor_ceiling_and_coverage (test_gsc_attribution.TestWithholdingBounds.test_build_exposes_exact_floor_ceiling_and_coverage) ... ok
test_render_calls_the_ceiling_an_error_bound_not_an_estimate (test_gsc_attribution.TestWithholdingBounds.test_render_calls_the_ceiling_an_error_bound_not_an_estimate) ... ok
test_a_higher_share_moves_rows_into_cluster_three (test_gsc_band.TestAllocation.test_a_higher_share_moves_rows_into_cluster_three) ... ok
test_cluster_three_gets_its_share (test_gsc_band.TestAllocation.test_cluster_three_gets_its_share) ... ok
test_no_cluster_is_allocated_a_negative_row_count (test_gsc_band.TestAllocation.test_no_cluster_is_allocated_a_negative_row_count) ... ok
test_rows_are_fully_allocated (test_gsc_band.TestAllocation.test_rows_are_fully_allocated) ... ok
test_a_fall_is_called_down (test_gsc_band.TestDirectionIsReadOffTheNumbers.test_a_fall_is_called_down) ... ok
test_a_rise_is_called_up_not_down (test_gsc_band.TestDirectionIsReadOffTheNumbers.test_a_rise_is_called_up_not_down)
The first run printed "Down" above a band that had risen. ... ok
test_a_small_move_is_not_called_a_direction (test_gsc_band.TestDirectionIsReadOffTheNumbers.test_a_small_move_is_not_called_a_direction) ... ok
test_share_and_loss_are_three_point_ranges (test_gsc_band.TestHaircutIsARange.test_share_and_loss_are_three_point_ranges) ... ok
test_the_old_point_estimate_sits_inside_the_new_range (test_gsc_band.TestHaircutIsARange.test_the_old_point_estimate_sits_inside_the_new_range)
49.2% x 35% was the old haircut; it must still be representable. ... ok
test_the_range_is_ordered_low_to_high (test_gsc_band.TestHaircutIsARange.test_the_range_is_ordered_low_to_high) ... ok
test_legacy_is_the_measured_human_non_brand_rate (test_gsc_band.TestLegacyTermUnits.test_legacy_is_the_measured_human_non_brand_rate)
The old band added sitewide clicks including brand to a human non-brand band. ... ok
test_tools_contribute_no_click_rows (test_gsc_band.TestLegacyTermUnits.test_tools_contribute_no_click_rows) ... ok
test_fewer_rows_buy_fewer_mature_equivalents (test_gsc_band.TestMaturity.test_fewer_rows_buy_fewer_mature_equivalents) ... ok
test_maturity_is_well_under_the_row_count (test_gsc_band.TestMaturity.test_maturity_is_well_under_the_row_count)
Publishing 60 pages in 90 days does not give 60 ranked pages on day 90. ... ok
test_deeper_slices_are_strictly_smaller (test_gsc_band.TestSelectionSlices.test_deeper_slices_are_strictly_smaller) ... ok
test_perfect_selection_is_never_the_default (test_gsc_band.TestSelectionSlices.test_perfect_selection_is_never_the_default)
The regression guard for the band reporting UP on a worsened premise. ... ok
test_rank_one_takes_the_next_slice_down (test_gsc_band.TestSelectionSlices.test_rank_one_takes_the_next_slice_down) ... ok
test_rank_zero_takes_the_best_keywords (test_gsc_band.TestSelectionSlices.test_rank_zero_takes_the_best_keywords) ... ok
test_running_off_the_end_of_the_pool_is_reported (test_gsc_band.TestSelectionSlices.test_running_off_the_end_of_the_pool_is_reported) ... ok
test_an_unknown_section_reads_as_foreign_by_design (test_gsc_collapse_forensics.TestForeignDetection.test_an_unknown_section_reads_as_foreign_by_design)
The allowlist exists to catch the next injection, whose paths are unknown. ... ok
test_every_injected_path_is_flagged (test_gsc_collapse_forensics.TestForeignDetection.test_every_injected_path_is_flagged) ... ok
test_no_legitimate_path_is_flagged (test_gsc_collapse_forensics.TestForeignDetection.test_no_legitimate_path_is_flagged) ... ok
test_products_and_productivity_are_not_confused (test_gsc_collapse_forensics.TestForeignDetection.test_products_and_productivity_are_not_confused) ... ok
test_the_four_original_false_positives_stay_fixed (test_gsc_collapse_forensics.TestForeignDetection.test_the_four_original_false_positives_stay_fixed)
Regression guard: these cost accuracy in the first pass of the analysis. ... ok
test_a_flat_series_reports_no_fall (test_gsc_collapse_forensics.TestLargestStep.test_a_flat_series_reports_no_fall) ... ok
test_a_rising_series_reports_no_fall (test_gsc_collapse_forensics.TestLargestStep.test_a_rising_series_reports_no_fall) ... ok
test_absolute_loss_finds_the_actual_event (test_gsc_collapse_forensics.TestLargestStep.test_absolute_loss_finds_the_actual_event) ... ok
test_proportion_picks_a_different_and_less_useful_week (test_gsc_collapse_forensics.TestLargestStep.test_proportion_picks_a_different_and_less_useful_week) ... ok
test_the_two_measures_disagree_here (test_gsc_collapse_forensics.TestLargestStep.test_the_two_measures_disagree_here) ... ok
test_tiny_weeks_are_excluded_from_the_proportional_measure (test_gsc_collapse_forensics.TestLargestStep.test_tiny_weeks_are_excluded_from_the_proportional_measure)
A fall from 8 to 0 is 100% and means nothing. ... ok
test_bare_word_is_not_a_post (test_gsc_collapse_forensics.TestPostSlug.test_bare_word_is_not_a_post) ... ok
test_hyphenated_single_segment_is_a_post (test_gsc_collapse_forensics.TestPostSlug.test_hyphenated_single_segment_is_a_post) ... ok
test_nested_path_is_not_a_root_post (test_gsc_collapse_forensics.TestPostSlug.test_nested_path_is_not_a_root_post) ... ok
test_purely_numeric_segment_is_not_a_post (test_gsc_collapse_forensics.TestPostSlug.test_purely_numeric_segment_is_not_a_post) ... ok
test_first_segment_wins (test_gsc_collapse_forensics.TestSection.test_first_segment_wins) ... ok
test_root_is_named_not_empty (test_gsc_collapse_forensics.TestSection.test_root_is_named_not_empty) ... ok
test_clicks_are_always_named_as_unanswerable (test_gsc_leading.TestCannotAnswer.test_clicks_are_always_named_as_unanswerable) ... ok
test_no_era_comparison_is_reported_when_none_is_possible (test_gsc_leading.TestCannotAnswer.test_no_era_comparison_is_reported_when_none_is_possible) ... ok
test_recovery_wording_depends_on_whether_the_watchlist_is_populated (test_gsc_leading.TestCannotAnswer.test_recovery_wording_depends_on_whether_the_watchlist_is_populated) ... ok
test_revision_is_unanswerable_when_nothing_is_informative (test_gsc_leading.TestCannotAnswer.test_revision_is_unanswerable_when_nothing_is_informative) ... ok
test_the_reason_distinguishes_lag_from_no_prior_signal (test_gsc_leading.TestCannotAnswer.test_the_reason_distinguishes_lag_from_no_prior_signal) ... ok
test_the_age_floor_exists_and_is_at_least_two_weeks (test_gsc_leading.TestEarnRateFloor.test_the_age_floor_exists_and_is_at_least_two_weeks)
Counting pages younger than the floor as failures invented a survivorship story. ... ok
test_comparable_eras_needs_more_than_one_cluster (test_gsc_leading.TestEraConfoundIsTheHeadline.test_comparable_eras_needs_more_than_one_cluster)
An era holding one cluster supports no cluster comparison at all. ... ok
test_cross_era_cluster_grouping_would_invert_the_answer (test_gsc_leading.TestEraConfoundIsTheHeadline.test_cross_era_cluster_grouping_would_invert_the_answer) ... ok
test_an_unknown_slug_is_empty_not_an_error (test_gsc_leading.TestMergedSeries.test_an_unknown_slug_is_empty_not_an_error) ... ok
test_both_prefixes_are_summed (test_gsc_leading.TestMergedSeries.test_both_prefixes_are_summed) ... ok
test_quarters_are_derived_from_the_month (test_gsc_leading.TestQuarter.test_quarters_are_derived_from_the_month) ... ok
test_revision_compare_window_is_at_least_a_week (test_gsc_leading.TestRecoveryWatchlistThresholds.test_revision_compare_window_is_at_least_a_week) ... ok
test_silence_threshold_is_longer_than_the_gsc_lag (test_gsc_leading.TestRecoveryWatchlistThresholds.test_silence_threshold_is_longer_than_the_gsc_lag)
A page silent for three days is not recovering, it is just recent. ... ok
test_a_page_inside_the_lag_is_not_observable (test_gsc_leading.TestRevisionInformativeness.test_a_page_inside_the_lag_is_not_observable) ... ok
test_an_observable_page_that_was_earning_is_informative (test_gsc_leading.TestRevisionInformativeness.test_an_observable_page_that_was_earning_is_informative) ... ok
test_an_observable_page_with_no_prior_impressions_is_not_informative (test_gsc_leading.TestRevisionInformativeness.test_an_observable_page_with_no_prior_impressions_is_not_informative) ... ok
test_parses_merge_and_retirement_only_from_disposition_table (test_gsc_merge_guard.TestAuditParser.test_parses_merge_and_retirement_only_from_disposition_table) ... ok
test_real_audit_has_nineteen_merges_and_one_retirement (test_gsc_merge_guard.TestAuditParser.test_real_audit_has_nineteen_merges_and_one_retirement) ... ok
test_real_audit_sources_and_targets_exist_even_after_status_changes (test_gsc_merge_guard.TestAuditParser.test_real_audit_sources_and_targets_exist_even_after_status_changes) ... ok
test_coverage_uses_page_dimension_as_denominator (test_gsc_merge_guard.TestCoverageAndRendering.test_coverage_uses_page_dimension_as_denominator) ... ok
test_new_day_preserves_nested_headings_in_old_report (test_gsc_merge_guard.TestCoverageAndRendering.test_new_day_preserves_nested_headings_in_old_report) ... ok
test_position_never_prints_without_impressions (test_gsc_merge_guard.TestCoverageAndRendering.test_position_never_prints_without_impressions) ... ok
test_report_calls_query_counts_floors_and_absence_not_proof (test_gsc_merge_guard.TestCoverageAndRendering.test_report_calls_query_counts_floors_and_absence_not_proof) ... ok
test_same_day_rerun_replaces_instead_of_appending (test_gsc_merge_guard.TestCoverageAndRendering.test_same_day_rerun_replaces_instead_of_appending) ... ok
test_measured (test_gsc_merge_guard.TestFourStates.test_measured) ... ok
test_no_human_when_named_rows_exist_but_none_survive_filtering (test_gsc_merge_guard.TestFourStates.test_no_human_when_named_rows_exist_but_none_survive_filtering) ... ok
test_page_paths_are_combined_and_position_is_impression_weighted (test_gsc_merge_guard.TestFourStates.test_page_paths_are_combined_and_position_is_impression_weighted) ... ok
test_withheld_is_not_never (test_gsc_merge_guard.TestFourStates.test_withheld_is_not_never) ... ok
test_combines_legacy_and_canonical_query_rows_weighted_by_impressions (test_gsc_merge_guard.TestQueryCombination.test_combines_legacy_and_canonical_query_rows_weighted_by_impressions) ... ok
test_page_query_fetch_paginates_instead_of_accepting_a_cap (test_gsc_merge_guard.TestQueryCombination.test_page_query_fetch_paginates_instead_of_accepting_a_cap) ... ok
test_filtered_source_is_not_called_human_demand (test_gsc_merge_guard.TestVerdicts.test_filtered_source_is_not_called_human_demand) ... ok
test_no_impressions_does_not_become_overlap_support (test_gsc_merge_guard.TestVerdicts.test_no_impressions_does_not_become_overlap_support) ... ok
test_retirement_can_only_say_no_demand_observed (test_gsc_merge_guard.TestVerdicts.test_retirement_can_only_say_no_demand_observed) ... ok
test_retirement_holds_if_any_demand_exists (test_gsc_merge_guard.TestVerdicts.test_retirement_holds_if_any_demand_exists) ... ok
test_shared_named_demand_is_positive_overlap_evidence (test_gsc_merge_guard.TestVerdicts.test_shared_named_demand_is_positive_overlap_evidence) ... ok
test_visible_source_demand_without_overlap_requires_review (test_gsc_merge_guard.TestVerdicts.test_visible_source_demand_without_overlap_requires_review) ... ok
test_withheld_source_stays_unknown (test_gsc_merge_guard.TestVerdicts.test_withheld_source_stays_unknown) ... ok
test_both_path_prefixes_are_summed (test_gsc_page_position.TestFourStates.test_both_path_prefixes_are_summed) ... ok
test_measured_when_a_human_query_is_named (test_gsc_page_position.TestFourStates.test_measured_when_a_human_query_is_named) ... ok
test_never_impressed_only_when_there_are_no_impressions (test_gsc_page_position.TestFourStates.test_never_impressed_only_when_there_are_no_impressions) ... ok
test_no_human_queries_when_every_named_query_is_filtered_out (test_gsc_page_position.TestFourStates.test_no_human_queries_when_every_named_query_is_filtered_out)
The page is named in the pull, but nothing survived the human filter. ... ok
test_position_is_impression_weighted_across_queries (test_gsc_page_position.TestFourStates.test_position_is_impression_weighted_across_queries) ... ok
test_withheld_is_not_never_impressed (test_gsc_page_position.TestFourStates.test_withheld_is_not_never_impressed)
The distinction that caused the merge error. These must not collapse. ... ok
test_withheld_when_impressions_exist_but_no_query_is_named (test_gsc_page_position.TestFourStates.test_withheld_when_impressions_exist_but_no_query_is_named) ... ok
test_a_two_place_gap_on_five_impressions_is_not_a_basis (test_gsc_page_position.TestMergeEvidenceIsReconstructible.test_a_two_place_gap_on_five_impressions_is_not_a_basis)
18.2 against 20.4, on 5 impressions against 22. ... ok
test_impressions_favour_the_original_target (test_gsc_page_position.TestMergeEvidenceIsReconstructible.test_impressions_favour_the_original_target) ... ok
test_the_page_called_unmeasured_has_impressions_and_therefore_a_position (test_gsc_page_position.TestMergeEvidenceIsReconstructible.test_the_page_called_unmeasured_has_impressions_and_therefore_a_position) ... ok
test_a_missing_position_refuses_to_print (test_gsc_page_position.TestPositionGuard.test_a_missing_position_refuses_to_print) ... ok
test_a_negative_query_count_refuses_to_print (test_gsc_page_position.TestPositionGuard.test_a_negative_query_count_refuses_to_print) ... ok
test_a_position_prints_with_its_query_count (test_gsc_page_position.TestPositionGuard.test_a_position_prints_with_its_query_count) ... ok
test_a_position_with_no_queries_refuses_to_print (test_gsc_page_position.TestPositionGuard.test_a_position_with_no_queries_refuses_to_print) ... ok
test_only_one_state_means_no_position (test_gsc_page_position.TestRefusalPreconditions.test_only_one_state_means_no_position) ... ok
test_the_states_are_distinct_strings (test_gsc_page_position.TestRefusalPreconditions.test_the_states_are_distinct_strings) ... ok
test_the_window_default_is_long_enough_to_see_a_stable_page (test_gsc_page_position.TestRefusalPreconditions.test_the_window_default_is_long_enough_to_see_a_stable_page)
A 28-day window showed neither merge candidate a single human query. ... ok
test_a_new_date_appends_without_touching_nested_headings (test_gsc_position.TestDatedReportIsIdempotent.test_a_new_date_appends_without_touching_nested_headings) ... ok
test_preexisting_same_date_duplicates_collapse_to_one (test_gsc_position.TestDatedReportIsIdempotent.test_preexisting_same_date_duplicates_collapse_to_one) ... ok
test_same_date_is_replaced_not_appended (test_gsc_position.TestDatedReportIsIdempotent.test_same_date_is_replaced_not_appended) ... ok
test_a_legacy_pair_is_unknowable_not_no (test_gsc_position.TestInterventionIsThreeValued.test_a_legacy_pair_is_unknowable_not_no) ... ok
test_an_unknown_slug_is_unknowable (test_gsc_position.TestInterventionIsThreeValued.test_an_unknown_slug_is_unknowable) ... ok
test_unknowable_is_distinct_from_false (test_gsc_position.TestInterventionIsThreeValued.test_unknowable_is_distinct_from_false)
The distinction is the whole point: 82 of 84 movers are unknowable. ... ok
test_a_nonzero_click_sample_drops_that_line (test_gsc_position.TestLimitsAlwaysStateTheSample.test_a_nonzero_click_sample_drops_that_line) ... ok
test_an_empty_click_sample_is_called_empty_not_small (test_gsc_position.TestLimitsAlwaysStateTheSample.test_an_empty_click_sample_is_called_empty_not_small) ... ok
test_every_limit_line_names_a_number (test_gsc_position.TestLimitsAlwaysStateTheSample.test_every_limit_line_names_a_number) ... ok
test_both_path_prefixes_resolve_to_a_slug (test_gsc_position.TestSlugExtraction.test_both_path_prefixes_resolve_to_a_slug) ... ok
test_non_post_urls_have_no_slug (test_gsc_position.TestSlugExtraction.test_non_post_urls_have_no_slug) ... ok
test_injected_product_pages_are_foreign (test_gsc_position.TestSpamPagesAreExcluded.test_injected_product_pages_are_foreign) ... ok
test_the_sites_own_pages_are_not_foreign (test_gsc_position.TestSpamPagesAreExcluded.test_the_sites_own_pages_are_not_foreign) ... ok
test_material_move_is_bigger_than_daily_position_noise (test_gsc_position.TestThresholds.test_material_move_is_bigger_than_daily_position_noise) ... ok
test_min_span_is_at_least_three_weeks (test_gsc_position.TestThresholds.test_min_span_is_at_least_three_weeks) ... ok
test_top_and_deep_bands_do_not_overlap (test_gsc_position.TestThresholds.test_top_and_deep_bands_do_not_overlap) ... ok
test_underpowered_threshold_exists (test_gsc_position.TestThresholds.test_underpowered_threshold_exists) ... ok
test_a_pair_improving_reports_a_positive_delta (test_gsc_position.TestTrajectoryIsPerPair.test_a_pair_improving_reports_a_positive_delta) ... ok
test_a_pair_worsening_reports_a_negative_delta (test_gsc_position.TestTrajectoryIsPerPair.test_a_pair_worsening_reports_a_negative_delta) ... ok
test_a_short_span_is_not_measured (test_gsc_position.TestTrajectoryIsPerPair.test_a_short_span_is_not_measured) ... ok
test_campaign_and_legacy_are_split (test_gsc_position.TestTrajectoryIsPerPair.test_campaign_and_legacy_are_split) ... ok
test_deltas_are_impression_weighted_within_a_third (test_gsc_position.TestTrajectoryIsPerPair.test_deltas_are_impression_weighted_within_a_third) ... ok
test_query_mix_alone_does_not_create_a_trend (test_gsc_position.TestTrajectoryIsPerPair.test_query_mix_alone_does_not_create_a_trend)
A page gaining a deep second query would move a per-PAGE average and must not ... ok
test_a_flat_legacy_median_is_called_a_random_walk_not_a_climb (test_gsc_position.TestTrajectoryVerdict.test_a_flat_legacy_median_is_called_a_random_walk_not_a_climb) ... ok
test_a_tiny_campaign_sample_refuses_to_answer (test_gsc_position.TestTrajectoryVerdict.test_a_tiny_campaign_sample_refuses_to_answer) ... ok
test_neither_cohort_large_enough_says_nothing_supported (test_gsc_position.TestTrajectoryVerdict.test_neither_cohort_large_enough_says_nothing_supported) ... ok
test_boundary_at_max_words (test_gsc_report.TestBlobFilter.test_boundary_at_max_words) ... ok
test_long_pasted_passage_is_a_blob (test_gsc_report.TestBlobFilter.test_long_pasted_passage_is_a_blob) ... ok
test_object_replacement_character_is_a_blob (test_gsc_report.TestBlobFilter.test_object_replacement_character_is_a_blob) ... ok
test_ordinary_queries_are_not_blobs (test_gsc_report.TestBlobFilter.test_ordinary_queries_are_not_blobs) ... ok
test_brand_query_is_excluded_and_counted (test_gsc_report.TestClassifyClose.test_brand_query_is_excluded_and_counted) ... ok
test_every_in_range_query_is_accounted_for (test_gsc_report.TestClassifyClose.test_every_in_range_query_is_accounted_for)
Nothing may vanish: human + families + exclusions must equal the input. ... ok
test_family_impressions_are_reported_not_lost (test_gsc_report.TestClassifyClose.test_family_impressions_are_reported_not_lost) ... ok
test_fan_out_is_kept_out_of_the_human_list (test_gsc_report.TestClassifyClose.test_fan_out_is_kept_out_of_the_human_list) ... ok
test_human_queries_survive_and_are_ordered_by_impressions (test_gsc_report.TestClassifyClose.test_human_queries_survive_and_are_ordered_by_impressions) ... ok
test_impression_floor_excludes_and_counts (test_gsc_report.TestClassifyClose.test_impression_floor_excludes_and_counts) ... ok
test_out_of_range_position_is_not_considered (test_gsc_report.TestClassifyClose.test_out_of_range_position_is_not_considered) ... ok
test_legacy_blog_path_maps_to_the_same_cluster (test_gsc_report.TestClusterMapping.test_legacy_blog_path_maps_to_the_same_cluster)
Search Console still reports most traffic under the pre-migration path. ... ok
test_missing_trailing_slash_still_matches (test_gsc_report.TestClusterMapping.test_missing_trailing_slash_still_matches) ... ok
test_owner_page_maps_to_its_own_cluster (test_gsc_report.TestClusterMapping.test_owner_page_maps_to_its_own_cluster) ... ok
test_pages_outside_any_cluster_return_none (test_gsc_report.TestClusterMapping.test_pages_outside_any_cluster_return_none) ... ok
test_post_maps_through_frontmatter_category (test_gsc_report.TestClusterMapping.test_post_maps_through_frontmatter_category) ... ok
test_post_slug_reads_both_prefixes (test_gsc_report.TestClusterMapping.test_post_slug_reads_both_prefixes) ... ok
test_shipped_tools_belong_to_cluster_four (test_gsc_report.TestClusterMapping.test_shipped_tools_belong_to_cluster_four) ... ok
test_clicks_and_impressions_are_conserved (test_gsc_report.TestClusterRollup.test_clicks_and_impressions_are_conserved) ... ok
test_empty_cluster_reports_zero_not_absent (test_gsc_report.TestClusterRollup.test_empty_cluster_reports_zero_not_absent) ... ok
test_every_cluster_always_appears (test_gsc_report.TestClusterRollup.test_every_cluster_always_appears)
Five since the 2026-08-17 Distribution merge folded three into one. ... ok
test_position_is_impression_weighted (test_gsc_report.TestClusterRollup.test_position_is_impression_weighted) ... ok
test_unclustered_pages_are_reported_separately (test_gsc_report.TestClusterRollup.test_unclustered_pages_are_reported_separately) ... ok
test_growth_is_not_decay (test_gsc_report.TestDecay.test_growth_is_not_decay) ... ok
test_impression_loss_is_decay (test_gsc_report.TestDecay.test_impression_loss_is_decay) ... ok
test_noise_below_the_prior_floor_is_ignored (test_gsc_report.TestDecay.test_noise_below_the_prior_floor_is_ignored) ... ok
test_position_loss_alone_is_decay (test_gsc_report.TestDecay.test_position_loss_alone_is_decay) ... ok
test_a_genuine_topic_scores_high (test_gsc_report.TestDecorationDiversity.test_a_genuine_topic_scores_high)
Same three shared words, but every query asks something different. ... ok
test_fan_out_scores_low (test_gsc_report.TestDecorationDiversity.test_fan_out_scores_low) ... ok
test_no_decoration_is_not_treated_as_narrow (test_gsc_report.TestDecorationDiversity.test_no_decoration_is_not_treated_as_narrow) ... ok
test_flagged_moves_uses_a_strict_threshold (test_gsc_report.TestDeltas.test_flagged_moves_uses_a_strict_threshold) ... ok
test_new_and_gone_are_labelled (test_gsc_report.TestDeltas.test_new_and_gone_are_labelled) ... ok
test_position_delta_is_negative_when_rank_worsens (test_gsc_report.TestDeltas.test_position_delta_is_negative_when_rank_worsens) ... ok
test_position_delta_is_positive_when_rank_improves (test_gsc_report.TestDeltas.test_position_delta_is_positive_when_rank_improves) ... ok
test_thin_prior_window_is_not_comparable (test_gsc_report.TestDeltas.test_thin_prior_window_is_not_comparable) ... ok
test_bare_core_query_is_never_absorbed (test_gsc_report.TestFamilies.test_bare_core_query_is_never_absorbed)
The undecorated head term is a real query and must survive. ... ok
test_below_minimum_family_size_is_not_a_family (test_gsc_report.TestFamilies.test_below_minimum_family_size_is_not_a_family) ... ok
test_core_containment_absorbs_decorated_stragglers (test_gsc_report.TestFamilies.test_core_containment_absorbs_decorated_stragglers)
These two fall under the Jaccard threshold but are the same fan-out. ... ok
test_human_queries_are_not_absorbed (test_gsc_report.TestFamilies.test_human_queries_are_not_absorbed) ... ok
test_permutation_fan_out_collapses_to_one_family (test_gsc_report.TestFamilies.test_permutation_fan_out_collapses_to_one_family) ... ok
test_shared_core_is_the_topic (test_gsc_report.TestFamilies.test_shared_core_is_the_topic) ... ok
test_unrelated_queries_form_no_family (test_gsc_report.TestFamilies.test_unrelated_queries_form_no_family) ... ok
test_every_family_has_a_non_empty_core (test_gsc_report.TestFamiliesAreCoreAnchored.test_every_family_has_a_non_empty_core) ... ok
test_unrelated_comparison_queries_do_not_chain_into_one_family (test_gsc_report.TestFamiliesAreCoreAnchored.test_unrelated_comparison_queries_do_not_chain_into_one_family) ... ok
test_glossary_is_labelled_as_republished (test_gsc_report.TestNonPostGrouping.test_glossary_is_labelled_as_republished) ... ok
test_known_sections_get_their_own_label (test_gsc_report.TestNonPostGrouping.test_known_sections_get_their_own_label) ... ok
test_non_post_pages_get_one_row_each_not_one_bucket (test_gsc_report.TestNonPostGrouping.test_non_post_pages_get_one_row_each_not_one_bucket) ... ok
test_unknown_section_falls_back_to_its_path (test_gsc_report.TestNonPostGrouping.test_unknown_section_falls_back_to_its_path) ... ok
test_brand_wins_over_every_other_test (test_gsc_report.TestPartitionQueries.test_brand_wins_over_every_other_test) ... ok
test_every_row_lands_in_exactly_one_bucket (test_gsc_report.TestPartitionQueries.test_every_row_lands_in_exactly_one_bucket) ... ok
test_machine_and_human_are_separated (test_gsc_report.TestPartitionQueries.test_machine_and_human_are_separated) ... ok
test_precomputed_model_catches_a_family_too_small_to_detect_locally (test_gsc_report.TestPartitionQueries.test_precomputed_model_catches_a_family_too_small_to_detect_locally)
A month holding two members of a known fan-out must not score them human. ... ok
test_summarise_of_nothing_has_no_position (test_gsc_report.TestPartitionQueries.test_summarise_of_nothing_has_no_position) ... ok
test_summarise_weights_position_by_impressions (test_gsc_report.TestPartitionQueries.test_summarise_weights_position_by_impressions) ... ok
test_canonical_and_legacy_are_counted_apart (test_gsc_report.TestPathSplit.test_canonical_and_legacy_are_counted_apart) ... ok
test_no_legacy_traffic_reports_zero (test_gsc_report.TestPathSplit.test_no_legacy_traffic_reports_zero) ... ok
test_a_post_still_tagged_with_a_retired_category_maps_to_distribution (test_gsc_report.TestRetiredClusterSlugs.test_a_post_still_tagged_with_a_retired_category_maps_to_distribution) ... ok
test_a_retired_owner_page_maps_to_distribution (test_gsc_report.TestRetiredClusterSlugs.test_a_retired_owner_page_maps_to_distribution) ... ok
test_retired_slugs_do_not_add_rollup_rows (test_gsc_report.TestRetiredClusterSlugs.test_retired_slugs_do_not_add_rollup_rows) ... ok
test_content_tokens_are_order_blind (test_gsc_report.TestTokenising.test_content_tokens_are_order_blind) ... ok
test_content_tokens_drop_stopwords (test_gsc_report.TestTokenising.test_content_tokens_drop_stopwords) ... ok
test_jaccard (test_gsc_report.TestTokenising.test_jaccard) ... ok
test_stopword_ratio (test_gsc_report.TestTokenising.test_stopword_ratio) ... ok
test_stopword_ratio_empty_query_does_not_divide_by_zero (test_gsc_report.TestTokenising.test_stopword_ratio_empty_query_does_not_divide_by_zero) ... ok
test_both_windows_are_the_same_length (test_gsc_report.TestWindows.test_both_windows_are_the_same_length) ... ok
test_windows_end_three_days_back_and_do_not_overlap (test_gsc_report.TestWindows.test_windows_end_three_days_back_and_do_not_overlap) ... ok
test_band_is_the_re_derived_band (test_gsc_scoreboard.TestBandConstantsMatchTheCampaignDoc.test_band_is_the_re_derived_band) ... ok
test_target_and_day_90 (test_gsc_scoreboard.TestBandConstantsMatchTheCampaignDoc.test_target_and_day_90) ... ok
test_the_band_ceiling_is_short_of_the_target (test_gsc_scoreboard.TestBandConstantsMatchTheCampaignDoc.test_the_band_ceiling_is_short_of_the_target)
If this ever stops being true the verdict wording needs revisiting. ... ok
test_the_central_sits_inside_the_band (test_gsc_scoreboard.TestBandConstantsMatchTheCampaignDoc.test_the_central_sits_inside_the_band) ... ok
test_the_re_derivation_date_is_recorded (test_gsc_scoreboard.TestBandConstantsMatchTheCampaignDoc.test_the_re_derivation_date_is_recorded)
A reader must be able to tell which premise a band figure belongs to. ... ok
test_every_cluster_appears (test_gsc_scoreboard.TestLivePagesPerCluster.test_every_cluster_appears) ... ok
test_tools_count_toward_their_cluster (test_gsc_scoreboard.TestLivePagesPerCluster.test_tools_count_toward_their_cluster)
The five shipped tools all belong to cluster 4, so it can never be zero. ... ok
test_a_full_list_is_a_ranking (test_gsc_scoreboard.TestTopMovement.test_a_full_list_is_a_ranking) ... ok
test_a_short_list_is_not_called_a_ranking (test_gsc_scoreboard.TestTopMovement.test_a_short_list_is_not_called_a_ranking) ... ok
test_entered_and_left_are_computed_against_the_other_week (test_gsc_scoreboard.TestTopMovement.test_entered_and_left_are_computed_against_the_other_week) ... ok
test_movement_carries_impressions_so_churn_can_be_weighed (test_gsc_scoreboard.TestTopMovement.test_movement_carries_impressions_so_churn_can_be_weighed) ... ok
test_only_the_top_n_are_considered (test_gsc_scoreboard.TestTopMovement.test_only_the_top_n_are_considered) ... ok
test_single_impression_share_flags_noise (test_gsc_scoreboard.TestTopMovement.test_single_impression_share_flags_noise) ... ok
test_two_empty_weeks_do_not_divide_by_zero (test_gsc_scoreboard.TestTopMovement.test_two_empty_weeks_do_not_divide_by_zero) ... ok
test_a_real_rate_produces_a_multiple (test_gsc_scoreboard.TestVerdictAboveZero.test_a_real_rate_produces_a_multiple) ... ok
test_below_the_band_floor_is_reported_as_below (test_gsc_scoreboard.TestVerdictAboveZero.test_below_the_band_floor_is_reported_as_below) ... ok
test_hitting_the_target_says_yes (test_gsc_scoreboard.TestVerdictAboveZero.test_hitting_the_target_says_yes) ... ok
test_days_remaining_are_counted_to_day_90 (test_gsc_scoreboard.TestVerdictAtZero.test_days_remaining_are_counted_to_day_90) ... ok
test_no_multiple_is_invented_from_zero (test_gsc_scoreboard.TestVerdictAtZero.test_no_multiple_is_invented_from_zero) ... ok
test_zero_verdict_names_the_band_ceiling_gap (test_gsc_scoreboard.TestVerdictAtZero.test_zero_verdict_names_the_band_ceiling_gap) ... ok
test_zero_verdict_says_no_without_hedging (test_gsc_scoreboard.TestVerdictAtZero.test_zero_verdict_says_no_without_hedging) ... ok
test_month_windows_are_28_days_and_adjacent (test_gsc_scoreboard.TestWindows.test_month_windows_are_28_days_and_adjacent) ... ok
test_this_week_ends_where_the_trailing_month_ends (test_gsc_scoreboard.TestWindows.test_this_week_ends_where_the_trailing_month_ends) ... ok
test_weeks_are_seven_days (test_gsc_scoreboard.TestWindows.test_weeks_are_seven_days) ... ok
test_windows_end_at_the_lag_and_do_not_overlap (test_gsc_scoreboard.TestWindows.test_windows_end_at_the_lag_and_do_not_overlap) ... ok
test_the_daily_cycle_reports_the_link_baseline (test_link_inventory.DailyCycleWiringTests.test_the_daily_cycle_reports_the_link_baseline) ... ok
test_a_reviewed_elsewhere_host_is_reported_as_closed_not_reraised (test_link_inventory.DevtoSyndicationTests.test_a_reviewed_elsewhere_host_is_reported_as_closed_not_reraised)
pathak.ventures essays point at their own property. Checked 2026-08-17. A closed ... ok
test_a_tool_canonical_is_counted_per_tool (test_link_inventory.DevtoSyndicationTests.test_a_tool_canonical_is_counted_per_tool) ... ok
test_an_unreadable_devto_api_is_reported_not_swallowed (test_link_inventory.DevtoSyndicationTests.test_an_unreadable_devto_api_is_reported_not_swallowed) ... ok
test_an_unreviewed_elsewhere_host_is_raised (test_link_inventory.DevtoSyndicationTests.test_an_unreviewed_elsewhere_host_is_raised)
The closed question must not silence a genuine future leak. ... ok
test_canonicals_pointing_elsewhere_are_reported (test_link_inventory.DevtoSyndicationTests.test_canonicals_pointing_elsewhere_are_reported) ... ok
test_engagement_is_reported_so_a_dead_channel_is_visible (test_link_inventory.DevtoSyndicationTests.test_engagement_is_reported_so_a_dead_channel_is_visible) ... ok
test_the_one_referring_domain_ceiling_is_stated_every_run (test_link_inventory.DevtoSyndicationTests.test_the_one_referring_domain_ceiling_is_stated_every_run)
However many posts dev.to carries, it is one host. This is the fact that decides ... ok
test_a_missing_baseline_fails_rather_than_reporting_zero (test_link_inventory.HonestyTests.test_a_missing_baseline_fails_rather_than_reporting_zero) ... ok
test_a_recorded_figure_is_reported_with_its_date (test_link_inventory.HonestyTests.test_a_recorded_figure_is_reported_with_its_date) ... ok
test_an_unread_authoritative_figure_reports_unknown (test_link_inventory.HonestyTests.test_an_unread_authoritative_figure_reports_unknown) ... ok
test_canonicals_are_never_added_to_the_referring_domain_count (test_link_inventory.HonestyTests.test_canonicals_are_never_added_to_the_referring_domain_count)
14 dev.to canonicals must not become 14 referring domains. ... ok
test_the_canonical_versus_href_caveat_is_always_printed (test_link_inventory.HonestyTests.test_the_canonical_versus_href_caveat_is_always_printed) ... ok
test_zero_tool_links_is_stated_as_a_number_not_as_silence (test_link_inventory.HonestyTests.test_zero_tool_links_is_stated_as_a_number_not_as_silence) ... ok
test_a_bare_text_mention_is_not_an_href (test_link_inventory.LinkCountingTests.test_a_bare_text_mention_is_not_an_href)
A domain printed in prose is not a link and must not be counted as one. ... ok
test_a_link_to_another_domain_is_not_counted (test_link_inventory.LinkCountingTests.test_a_link_to_another_domain_is_not_counted) ... ok
test_an_href_to_the_domain_is_counted (test_link_inventory.LinkCountingTests.test_an_href_to_the_domain_is_counted) ... ok
test_www_and_http_variants_count (test_link_inventory.LinkCountingTests.test_www_and_http_variants_count) ... ok
test_a_baseline_is_committed_and_parses (test_link_inventory.ShippedBaselineTests.test_a_baseline_is_committed_and_parses) ... ok
test_the_check_runs_offline_against_the_committed_file (test_link_inventory.ShippedBaselineTests.test_the_check_runs_offline_against_the_committed_file) ... ok
test_the_committed_baseline_covers_every_tool (test_link_inventory.ShippedBaselineTests.test_the_committed_baseline_covers_every_tool) ... ok
test_a_missing_stamp_reads_as_ancient (test_link_inventory.StalenessTests.test_a_missing_stamp_reads_as_ancient) ... ok
test_age_is_measured_from_the_refreshed_stamp (test_link_inventory.StalenessTests.test_age_is_measured_from_the_refreshed_stamp) ... ok
test_the_summary_carries_the_tool_link_total (test_link_inventory.SummaryLineTests.test_the_summary_carries_the_tool_link_total) ... ok
test_the_summary_is_one_line_and_leads_with_the_unknown (test_link_inventory.SummaryLineTests.test_the_summary_is_one_line_and_leads_with_the_unknown) ... ok
test_the_summary_reports_a_missing_baseline (test_link_inventory.SummaryLineTests.test_the_summary_reports_a_missing_baseline) ... ok
test_the_gsc_api_really_has_no_links_resource (test_link_inventory.UnmeasurableTests.test_the_gsc_api_really_has_no_links_resource)
Verified by enumeration rather than asserted, because the whole design rests on it. ... ok
test_the_shipped_baseline_records_what_cannot_be_measured (test_link_inventory.UnmeasurableTests.test_the_shipped_baseline_records_what_cannot_be_measured) ... ok
test_unfetchable_sources_are_surfaced_in_the_report (test_link_inventory.UnmeasurableTests.test_unfetchable_sources_are_surfaced_in_the_report) ... ok
test_engine_file_exists (test_llms_txt_validator.EngineAvailabilityTests.test_engine_file_exists) ... ok
test_engine_has_no_dom_dependency (test_llms_txt_validator.EngineAvailabilityTests.test_engine_has_no_dom_dependency)
The engine must stay pure so it can run in node and in the browser. ... ok
test_blockquote_before_h1_is_an_error (test_llms_txt_validator.ErrorRuleTests.test_blockquote_before_h1_is_an_error) ... ok
test_content_before_h1_is_an_error (test_llms_txt_validator.ErrorRuleTests.test_content_before_h1_is_an_error) ... ok
test_empty_h1_is_an_error (test_llms_txt_validator.ErrorRuleTests.test_empty_h1_is_an_error) ... ok
test_empty_input_is_an_error (test_llms_txt_validator.ErrorRuleTests.test_empty_input_is_an_error) ... ok
test_empty_link_name_is_an_error (test_llms_txt_validator.ErrorRuleTests.test_empty_link_name_is_an_error) ... ok
test_empty_link_url_is_an_error (test_llms_txt_validator.ErrorRuleTests.test_empty_link_url_is_an_error) ... ok
test_heading_before_first_section_is_an_error (test_llms_txt_validator.ErrorRuleTests.test_heading_before_first_section_is_an_error)
The spec allows any markdown except headings in the details region. ... ok
test_list_item_without_a_link_is_an_error (test_llms_txt_validator.ErrorRuleTests.test_list_item_without_a_link_is_an_error) ... ok
test_malformed_link_is_an_error (test_llms_txt_validator.ErrorRuleTests.test_malformed_link_is_an_error) ... ok
test_missing_h1_is_an_error_and_caps_the_score (test_llms_txt_validator.ErrorRuleTests.test_missing_h1_is_an_error_and_caps_the_score) ... ok
test_nested_heading_inside_section_is_an_error (test_llms_txt_validator.ErrorRuleTests.test_nested_heading_inside_section_is_an_error) ... ok
test_second_h1_is_an_error (test_llms_txt_validator.ErrorRuleTests.test_second_h1_is_an_error) ... ok
test_asterisk_and_ordered_list_markers_are_recognised (test_llms_txt_validator.ParsingRobustnessTests.test_asterisk_and_ordered_list_markers_are_recognised) ... ok
test_byte_order_mark_is_permitted_and_noted (test_llms_txt_validator.ParsingRobustnessTests.test_byte_order_mark_is_permitted_and_noted) ... ok
test_crlf_line_endings_parse_identically (test_llms_txt_validator.ParsingRobustnessTests.test_crlf_line_endings_parse_identically) ... ok
test_every_finding_declares_a_basis (test_llms_txt_validator.ParsingRobustnessTests.test_every_finding_declares_a_basis)
Each rule must say whether it rests on the spec or on convention. ... ok
test_fenced_code_block_is_not_parsed_as_structure (test_llms_txt_validator.ParsingRobustnessTests.test_fenced_code_block_is_not_parsed_as_structure)
Pasting the spec example inside a fence must not create a second H1. ... ok
test_findings_are_ordered_errors_first (test_llms_txt_validator.ParsingRobustnessTests.test_findings_are_ordered_errors_first) ... ok
test_multiline_blockquote_counts_as_a_summary (test_llms_txt_validator.ParsingRobustnessTests.test_multiline_blockquote_counts_as_a_summary) ... ok
test_url_containing_parentheses_is_parsed (test_llms_txt_validator.ParsingRobustnessTests.test_url_containing_parentheses_is_parsed) ... ok
test_errors_cost_more_than_warnings (test_llms_txt_validator.ScoringTests.test_errors_cost_more_than_warnings) ... ok
test_grade_boundaries (test_llms_txt_validator.ScoringTests.test_grade_boundaries) ... ok
test_score_is_deterministic (test_llms_txt_validator.ScoringTests.test_score_is_deterministic) ... ok
test_score_never_goes_negative (test_llms_txt_validator.ScoringTests.test_score_never_goes_negative) ... ok
test_minimal_valid_file_is_only_an_h1 (test_llms_txt_validator.SpecConformanceTests.test_minimal_valid_file_is_only_an_h1)
The spec calls the H1 the only required section, so this must not error. ... ok
test_optional_elements_are_never_errors (test_llms_txt_validator.SpecConformanceTests.test_optional_elements_are_never_errors)
Nothing the spec marks optional may be reported as an error. ... ok
test_real_world_file_from_llmstxt_org_is_clean (test_llms_txt_validator.SpecConformanceTests.test_real_world_file_from_llmstxt_org_is_clean)
The spec author's own published llms.txt must validate cleanly. ... ok
test_spec_example_is_clean (test_llms_txt_validator.SpecConformanceTests.test_spec_example_is_clean)
The spec's own mock example must raise no errors or warnings. ... ok
test_duplicate_section_name_is_a_warning (test_llms_txt_validator.WarningRuleTests.test_duplicate_section_name_is_a_warning) ... ok
test_duplicate_url_is_reported_once (test_llms_txt_validator.WarningRuleTests.test_duplicate_url_is_reported_once) ... ok
test_empty_section_is_a_warning (test_llms_txt_validator.WarningRuleTests.test_empty_section_is_a_warning) ... ok
test_http_url_is_a_warning (test_llms_txt_validator.WarningRuleTests.test_http_url_is_a_warning) ... ok
test_optional_section_last_is_accepted (test_llms_txt_validator.WarningRuleTests.test_optional_section_last_is_accepted) ... ok
test_optional_section_must_come_last (test_llms_txt_validator.WarningRuleTests.test_optional_section_must_come_last) ... ok
test_prose_inside_a_section_is_a_warning (test_llms_txt_validator.WarningRuleTests.test_prose_inside_a_section_is_a_warning) ... ok
test_relative_url_is_a_warning_not_an_error (test_llms_txt_validator.WarningRuleTests.test_relative_url_is_a_warning_not_an_error) ... ok
test_summary_not_adjacent_to_h1_is_a_warning (test_llms_txt_validator.WarningRuleTests.test_summary_not_adjacent_to_h1_is_a_warning) ... ok
test_trailing_text_after_link_without_colon (test_llms_txt_validator.WarningRuleTests.test_trailing_text_after_link_without_colon) ... ok
test_no_durable_report_contains_duplicate_dates (test_report_log.TestCampaignLogsUseTheContract.test_no_durable_report_contains_duplicate_dates) ... ok
test_no_report_writer_opens_its_log_in_append_mode (test_report_log.TestCampaignLogsUseTheContract.test_no_report_writer_opens_its_log_in_append_mode) ... ok
test_header_only_file_gets_its_first_section (test_report_log.TestDatedReportUpsert.test_header_only_file_gets_its_first_section) ... ok
test_heading_suffix_can_change_between_retries (test_report_log.TestDatedReportUpsert.test_heading_suffix_can_change_between_retries) ... ok
test_nested_headings_stay_inside_their_section (test_report_log.TestDatedReportUpsert.test_nested_headings_stay_inside_their_section) ... ok
test_old_duplicates_collapse_to_the_last_appended_observation (test_report_log.TestDatedReportUpsert.test_old_duplicates_collapse_to_the_last_appended_observation) ... ok
test_same_day_retry_replaces_instead_of_appending (test_report_log.TestDatedReportUpsert.test_same_day_retry_replaces_instead_of_appending) ... ok
test_blocking_a_citation_crawler_lowers_the_grade (test_robots_access.CitationVersusTrainingTests.test_blocking_a_citation_crawler_lowers_the_grade) ... ok
test_blocking_everything_is_the_worst_grade (test_robots_access.CitationVersusTrainingTests.test_blocking_everything_is_the_worst_grade) ... ok
test_empty_file_allows_everything (test_robots_access.CitationVersusTrainingTests.test_empty_file_allows_everything) ... ok
test_google_extended_is_classified_as_training_not_citation (test_robots_access.CitationVersusTrainingTests.test_google_extended_is_classified_as_training_not_citation)
Blocking Google-Extended must not be read as blocking AI Overviews. ... ok
test_ninads_live_file_allows_every_citation_crawler (test_robots_access.CitationVersusTrainingTests.test_ninads_live_file_allows_every_citation_crawler) ... ok
test_ninads_live_file_blocks_the_training_crawlers (test_robots_access.CitationVersusTrainingTests.test_ninads_live_file_blocks_the_training_crawlers) ... ok
test_training_opt_out_is_not_reported_as_citation_damage (test_robots_access.CitationVersusTrainingTests.test_training_opt_out_is_not_reported_as_citation_damage)
A training opt-out is an editorial choice, not a defect. ... ok
test_deterministic (test_robots_access.EngineContractTests.test_deterministic) ... ok
test_edge_blocking_limitation_is_always_reported (test_robots_access.EngineContractTests.test_edge_blocking_limitation_is_always_reported)
The tool must never imply robots.txt is the whole story. ... ok
test_engine_exists_and_is_pure (test_robots_access.EngineContractTests.test_engine_exists_and_is_pure) ... ok
test_every_agent_declares_purpose_note_and_dated_source (test_robots_access.EngineContractTests.test_every_agent_declares_purpose_note_and_dated_source) ... ok
test_no_weighted_score_is_exposed (test_robots_access.EngineContractTests.test_no_weighted_score_is_exposed) ... ok
test_content_signal_with_ai_input_is_reported_as_declared (test_robots_access.ReportingTests.test_content_signal_with_ai_input_is_reported_as_declared) ... ok
test_content_signal_without_ai_input_is_reported (test_robots_access.ReportingTests.test_content_signal_without_ai_input_is_reported) ... ok
test_crlf_line_endings_parse_identically (test_robots_access.ReportingTests.test_crlf_line_endings_parse_identically) ... ok
test_every_note_carries_a_basis (test_robots_access.ReportingTests.test_every_note_carries_a_basis) ... ok
test_explanation_names_the_governing_rule_and_line (test_robots_access.ReportingTests.test_explanation_names_the_governing_rule_and_line) ... ok
test_explanation_says_when_a_named_group_overrode_the_wildcard (test_robots_access.ReportingTests.test_explanation_says_when_a_named_group_overrode_the_wildcard) ... ok
test_explanation_says_when_the_wildcard_group_was_used (test_robots_access.ReportingTests.test_explanation_says_when_the_wildcard_group_was_used) ... ok
test_file_with_no_user_agent_group_is_flagged (test_robots_access.ReportingTests.test_file_with_no_user_agent_group_is_flagged) ... ok
test_groups_with_the_same_token_are_merged (test_robots_access.ReportingTests.test_groups_with_the_same_token_are_merged)
Real files rely on this: nytimes.com carried two "User-agent: Googlebot" ... ok
test_multiple_wildcard_groups_are_merged (test_robots_access.ReportingTests.test_multiple_wildcard_groups_are_merged) ... ok
test_requester_variance_caveat_is_always_reported (test_robots_access.ReportingTests.test_requester_variance_caveat_is_always_reported)
Verified 2026-08-17: stackoverflow.com answers an unrecognised client ... ok
test_sitemap_absence_is_info_not_a_problem (test_robots_access.ReportingTests.test_sitemap_absence_is_info_not_a_problem) ... ok
test_sitemap_presence_suppresses_the_note (test_robots_access.ReportingTests.test_sitemap_presence_suppresses_the_note) ... ok
test_claudebot_group_does_not_capture_claude_searchbot (test_robots_access.Rfc9309GroupSelectionTests.test_claudebot_group_does_not_capture_claude_searchbot) ... ok
test_consecutive_user_agent_lines_share_one_group (test_robots_access.Rfc9309GroupSelectionTests.test_consecutive_user_agent_lines_share_one_group) ... ok
test_longer_token_prefix_wins_between_named_groups (test_robots_access.Rfc9309GroupSelectionTests.test_longer_token_prefix_wins_between_named_groups)
"Claude-SearchBot" must not be captured by a "ClaudeBot" group, and a ... ok
test_named_group_wins_even_when_it_is_more_permissive (test_robots_access.Rfc9309GroupSelectionTests.test_named_group_wins_even_when_it_is_more_permissive) ... ok
test_no_wildcard_and_no_named_group_means_allowed (test_robots_access.Rfc9309GroupSelectionTests.test_no_wildcard_and_no_named_group_means_allowed) ... ok
test_only_the_most_specific_group_applies (test_robots_access.Rfc9309GroupSelectionTests.test_only_the_most_specific_group_applies)
The counter-intuitive core rule: a named group replaces the "*" group ... ok
test_unnamed_agent_falls_under_wildcard (test_robots_access.Rfc9309GroupSelectionTests.test_unnamed_agent_falls_under_wildcard) ... ok
test_user_agent_matching_is_case_insensitive (test_robots_access.Rfc9309GroupSelectionTests.test_user_agent_matching_is_case_insensitive) ... ok
test_allow_wins_an_equal_length_tie (test_robots_access.Rfc9309RulePrecedenceTests.test_allow_wins_an_equal_length_tie) ... ok
test_comments_are_stripped (test_robots_access.Rfc9309RulePrecedenceTests.test_comments_are_stripped) ... ok
test_default_path_is_root (test_robots_access.Rfc9309RulePrecedenceTests.test_default_path_is_root) ... ok
test_dollar_anchors_the_end_of_the_path (test_robots_access.Rfc9309RulePrecedenceTests.test_dollar_anchors_the_end_of_the_path) ... ok
test_empty_disallow_permits_everything (test_robots_access.Rfc9309RulePrecedenceTests.test_empty_disallow_permits_everything) ... ok
test_longest_matching_rule_wins (test_robots_access.Rfc9309RulePrecedenceTests.test_longest_matching_rule_wins) ... ok
test_no_matching_rule_means_allowed (test_robots_access.Rfc9309RulePrecedenceTests.test_no_matching_rule_means_allowed) ... ok
test_rule_before_any_user_agent_is_ignored_and_flagged (test_robots_access.Rfc9309RulePrecedenceTests.test_rule_before_any_user_agent_is_ignored_and_flagged) ... ok
test_wildcard_in_path_is_honoured (test_robots_access.Rfc9309RulePrecedenceTests.test_wildcard_in_path_is_honoured) ... ok
test_a_range_is_not_a_trio (test_rule_of_three.BareDigitShapeTests.test_a_range_is_not_a_trio) ... ok
test_a_unit_is_not_a_trio (test_rule_of_three.BareDigitShapeTests.test_a_unit_is_not_a_trio) ... ok
test_a_version_is_still_not_a_trio (test_rule_of_three.BareDigitShapeTests.test_a_version_is_still_not_a_trio) ... ok
test_an_identifier_is_not_a_trio (test_rule_of_three.BareDigitShapeTests.test_an_identifier_is_not_a_trio) ... ok
test_rhetorical_three_is_still_caught (test_rule_of_three.BareDigitShapeTests.test_rhetorical_three_is_still_caught) ... ok
test_colon_introduced_trio_passes (test_rule_of_three.NamesItsTrioTests.test_colon_introduced_trio_passes) ... ok
test_colon_introduced_trio_without_oxford_comma_passes (test_rule_of_three.NamesItsTrioTests.test_colon_introduced_trio_without_oxford_comma_passes) ... ok
test_count_with_no_members_still_fails (test_rule_of_three.NamesItsTrioTests.test_count_with_no_members_still_fails) ... ok
test_dash_introduced_trio_passes (test_rule_of_three.NamesItsTrioTests.test_dash_introduced_trio_passes) ... ok
test_markdown_list_on_following_lines_passes (test_rule_of_three.NamesItsTrioTests.test_markdown_list_on_following_lines_passes) ... ok
test_numbered_list_on_following_lines_passes (test_rule_of_three.NamesItsTrioTests.test_numbered_list_on_following_lines_passes) ... ok
test_rhetorical_three_still_fails (test_rule_of_three.NamesItsTrioTests.test_rhetorical_three_still_fails) ... ok
test_two_items_is_not_a_trio (test_rule_of_three.NamesItsTrioTests.test_two_items_is_not_a_trio) ... ok
test_unnamed_count_still_fails (test_rule_of_three.NamesItsTrioTests.test_unnamed_count_still_fails) ... ok
test_bottom_middle_top_enumeration_passes (test_rule_of_three.PositionalEnumerationTests.test_bottom_middle_top_enumeration_passes) ... ok
test_first_second_third_enumeration_passes (test_rule_of_three.PositionalEnumerationTests.test_first_second_third_enumeration_passes) ... ok
test_rhetorical_three_with_no_enumeration_still_fires (test_rule_of_three.PositionalEnumerationTests.test_rhetorical_three_with_no_enumeration_still_fires) ... ok
test_two_markers_is_not_enough (test_rule_of_three.PositionalEnumerationTests.test_two_markers_is_not_enough) ... ok
test_every_tool_page_was_built (test_tool_e2e.BuildPrerequisiteTests.test_every_tool_page_was_built) ... ok
test_the_build_exists (test_tool_e2e.BuildPrerequisiteTests.test_the_build_exists) ... ok
test_the_harness_is_present (test_tool_e2e.BuildPrerequisiteTests.test_the_harness_is_present) ... ok
test_checker_flags_a_preamble_opening (test_tool_e2e.ClientLogicTests.test_checker_flags_a_preamble_opening) ... ok
test_checker_grades_a_page_and_cites_its_sources (test_tool_e2e.ClientLogicTests.test_checker_grades_a_page_and_cites_its_sources) ... ok
test_crawler_checker_alarms_when_a_citation_crawler_is_blocked (test_tool_e2e.ClientLogicTests.test_crawler_checker_alarms_when_a_citation_crawler_is_blocked) ... ok
test_crawler_checker_separates_citation_from_training (test_tool_e2e.ClientLogicTests.test_crawler_checker_separates_citation_from_training) ... ok
test_every_tool_loads_without_throwing (test_tool_e2e.ClientLogicTests.test_every_tool_loads_without_throwing)
A load-time throw kills every handler on the page at once. ... ok
test_generator_scan_populates_the_workspace (test_tool_e2e.ClientLogicTests.test_generator_scan_populates_the_workspace)
The generator's flow is a form submit, not a button click. ... ok
test_linter_grades_a_defective_article (test_tool_e2e.ClientLogicTests.test_linter_grades_a_defective_article) ... ok
test_linter_ignores_an_empty_input (test_tool_e2e.ClientLogicTests.test_linter_ignores_an_empty_input) ... ok
test_split_engines_assign_their_global_under_the_browser_branch (test_tool_e2e.ClientLogicTests.test_split_engines_assign_their_global_under_the_browser_branch)
The require()-based unit tests never exercise this branch of the UMD wrapper. ... ok
test_validator_grades_a_conforming_llms_txt (test_tool_e2e.ClientLogicTests.test_validator_grades_a_conforming_llms_txt) ... ok
test_validator_reports_a_missing_h1_as_a_spec_violation (test_tool_e2e.ClientLogicTests.test_validator_reports_a_missing_h1_as_a_spec_violation) ... ok
test_a_broken_function_fails_the_daily_cycle (test_tool_e2e.DailyCycleFunctionsProbeTests.test_a_broken_function_fails_the_daily_cycle) ... ok
test_each_probed_page_matches_its_endpoint (test_tool_e2e.DailyCycleFunctionsProbeTests.test_each_probed_page_matches_its_endpoint) ... ok
test_the_daily_cycle_probes_every_tool_function (test_tool_e2e.DailyCycleFunctionsProbeTests.test_the_daily_cycle_probes_every_tool_function) ... ok
test_each_function_answers_rather_than_404s (test_tool_e2e.LiveSmokeTests.test_each_function_answers_rather_than_404s)
The named near-miss, checked against production. ... skipped 'set NINADPATHAK_LIVE_TESTS=1 to probe production'
test_each_tool_page_serves_200 (test_tool_e2e.LiveSmokeTests.test_each_tool_page_serves_200) ... skipped 'set NINADPATHAK_LIVE_TESTS=1 to probe production'
test_every_function_refuses_a_private_address (test_tool_e2e.LiveSmokeTests.test_every_function_refuses_a_private_address) ... skipped 'set NINADPATHAK_LIVE_TESTS=1 to probe production'
test_every_function_rejects_a_malformed_body (test_tool_e2e.LiveSmokeTests.test_every_function_rejects_a_malformed_body) ... skipped 'set NINADPATHAK_LIVE_TESTS=1 to probe production'
test_every_endpoint_a_tool_calls_exists_as_a_function (test_tool_e2e.PagesFunctionContractTests.test_every_endpoint_a_tool_calls_exists_as_a_function) ... ok
test_every_function_exports_the_post_handler (test_tool_e2e.PagesFunctionContractTests.test_every_function_exports_the_post_handler) ... ok
test_every_function_identifies_itself_by_user_agent (test_tool_e2e.PagesFunctionContractTests.test_every_function_identifies_itself_by_user_agent) ... ok
test_every_function_keeps_its_safety_rails (test_tool_e2e.PagesFunctionContractTests.test_every_function_keeps_its_safety_rails)
SSRF guard, redirect handling, a timeout and a body ceiling, on every endpoint. ... ok
test_no_function_is_orphaned_without_a_caller (test_tool_e2e.PagesFunctionContractTests.test_no_function_is_orphaned_without_a_caller)
An unreferenced Function is either dead code or a page that lost its wiring. ... ok
test_each_networked_tool_holds_exactly_one_endpoint (test_tool_e2e.PrivacyContractTests.test_each_networked_tool_holds_exactly_one_endpoint) ... ok
test_no_tool_page_loads_a_third_party_script (test_tool_e2e.PrivacyContractTests.test_no_tool_page_loads_a_third_party_script)
Analytics is sitewide in base.html; a tool must not add its own. ... ok
test_no_tool_uses_a_storage_or_beacon_api (test_tool_e2e.PrivacyContractTests.test_no_tool_uses_a_storage_or_beacon_api) ... ok
test_running_a_pasted_input_makes_no_network_call (test_tool_e2e.PrivacyContractTests.test_running_a_pasted_input_makes_no_network_call)
Measured, not grepped: drive the paste path and count the fetches. ... ok
test_the_linter_never_calls_the_network_at_all (test_tool_e2e.PrivacyContractTests.test_the_linter_never_calls_the_network_at_all) ... ok
test_glossary_is_built_and_therefore_must_not_be_redirected (test_tool_e2e.RedirectShadowingTests.test_glossary_is_built_and_therefore_must_not_be_redirected)
The specific page the near-miss was about. ... ok
test_no_redirect_currently_shadows_a_built_page (test_tool_e2e.RedirectShadowingTests.test_no_redirect_currently_shadows_a_built_page) ... ok
test_no_redirect_source_is_a_built_tool_page (test_tool_e2e.RedirectShadowingTests.test_no_redirect_source_is_a_built_tool_page) ... ok
test_the_check_detects_a_shadowing_rule (test_tool_e2e.RedirectShadowingTests.test_the_check_detects_a_shadowing_rule)
Proves the check can fail, which is the only thing that makes a green run mean ... ok
test_a_split_engine_loads_before_its_wiring (test_tool_e2e.StructuralContractTests.test_a_split_engine_loads_before_its_wiring)
The wiring reads a global the engine assigns, so order is load-bearing. ... ok
test_each_tool_page_loads_its_wiring_script (test_tool_e2e.StructuralContractTests.test_each_tool_page_loads_its_wiring_script) ... ok
test_every_queried_id_exists_in_the_built_page (test_tool_e2e.StructuralContractTests.test_every_queried_id_exists_in_the_built_page)
Rename an id in a template and the tool dies silently. This is that check. ... ok
test_every_tool_declares_software_application_schema (test_tool_e2e.StructuralContractTests.test_every_tool_declares_software_application_schema) ... ok
test_no_tool_template_adds_inline_css (test_tool_e2e.StructuralContractTests.test_no_tool_template_adds_inline_css)
Standing order 4: no new CSS, ever. ... ok
test_pages_using_lint_classes_link_linter_css (test_tool_e2e.StructuralContractTests.test_pages_using_lint_classes_link_linter_css) ... ok
test_the_global_the_wiring_reads_is_the_one_the_engine_assigns (test_tool_e2e.StructuralContractTests.test_the_global_the_wiring_reads_is_the_one_the_engine_assigns) ... ok
test_the_only_inline_style_on_a_tool_page_is_the_sitewide_theme_block (test_tool_e2e.StructuralContractTests.test_the_only_inline_style_on_a_tool_page_is_the_sitewide_theme_block)
Pins the exception so a second one cannot slip in unnoticed. ... ok
test_every_tool_declares_software_application (test_tool_schema.ToolSchemaTests.test_every_tool_declares_software_application) ... ok
test_every_tool_page_is_built (test_tool_schema.ToolSchemaTests.test_every_tool_page_is_built) ... ok
test_tool_pages_have_a_title_and_description (test_tool_schema.ToolSchemaTests.test_tool_pages_have_a_title_and_description) ... ok
test_tool_schema_names_a_url_and_is_free (test_tool_schema.ToolSchemaTests.test_tool_schema_names_a_url_and_is_free) ... ok
test_a_prefix_does_not_retire_its_own_base (test_url_inventory.AllowlistTests.test_a_prefix_does_not_retire_its_own_base)
So retiring the old glossary's children cannot retire the live /glossary/. ... ok
test_a_prefix_entry_retires_children (test_url_inventory.AllowlistTests.test_a_prefix_entry_retires_children) ... ok
test_a_reasonless_entry_fails_the_check (test_url_inventory.AllowlistTests.test_a_reasonless_entry_fails_the_check) ... ok
test_an_entry_with_no_reason_is_rejected (test_url_inventory.AllowlistTests.test_an_entry_with_no_reason_is_rejected) ... ok
test_an_exact_entry_retires_a_url (test_url_inventory.AllowlistTests.test_an_exact_entry_retires_a_url) ... ok
test_the_shipped_allowlist_cites_evidence_and_a_date (test_url_inventory.AllowlistTests.test_the_shipped_allowlist_cites_evidence_and_a_date) ... ok
test_the_shipped_allowlist_gives_every_entry_a_reason (test_url_inventory.AllowlistTests.test_the_shipped_allowlist_gives_every_entry_a_reason) ... ok
test_the_shipped_allowlist_retires_the_2025_legacy_top_page (test_url_inventory.AllowlistTests.test_the_shipped_allowlist_retires_the_2025_legacy_top_page)
The best URL this domain ever had is written off, with the evidence. ... ok
test_index_html_and_standalone_files_are_both_registered (test_url_inventory.BuiltPathsTests.test_index_html_and_standalone_files_are_both_registered) ... ok
test_missing_output_is_empty_not_an_error (test_url_inventory.BuiltPathsTests.test_missing_output_is_empty_not_an_error) ... ok
test_a_built_url_is_not_classified_at_all (test_url_inventory.ClassificationTests.test_a_built_url_is_not_classified_at_all) ... ok
test_a_human_approved_listing_redirect_is_not_reported_forever (test_url_inventory.ClassificationTests.test_a_human_approved_listing_redirect_is_not_reported_forever) ... ok
test_a_soft_404_never_becomes_an_alarm (test_url_inventory.ClassificationTests.test_a_soft_404_never_becomes_an_alarm)
Reporting beats blocking where equivalence cannot be judged mechanically. ... ok
test_dead_and_still_earning_is_an_alarm (test_url_inventory.ClassificationTests.test_dead_and_still_earning_is_an_alarm)
The expensive case: an active leak. ... ok
test_dropped_inside_84_days_is_watch_not_alarm (test_url_inventory.ClassificationTests.test_dropped_inside_84_days_is_watch_not_alarm) ... ok
test_equivalent_redirect_without_a_reason_is_rejected (test_url_inventory.ClassificationTests.test_equivalent_redirect_without_a_reason_is_rejected) ... ok
test_extension_less_serving_is_not_a_leak (test_url_inventory.ClassificationTests.test_extension_less_serving_is_not_a_leak)
Regression: this reported 12 live visual pages as leaks. ... ok
test_redirect_approval_does_not_survive_a_target_change (test_url_inventory.ClassificationTests.test_redirect_approval_does_not_survive_a_target_change) ... ok
test_redirect_matches_across_slash_variants (test_url_inventory.ClassificationTests.test_redirect_matches_across_slash_variants) ... ok
test_redirect_to_a_bare_listing_is_reported_as_a_soft_404 (test_url_inventory.ClassificationTests.test_redirect_to_a_bare_listing_is_reported_as_a_soft_404) ... ok
test_redirect_to_a_missing_page_is_reported (test_url_inventory.ClassificationTests.test_redirect_to_a_missing_page_is_reported) ... ok
test_redirect_to_a_real_page_is_a_pass (test_url_inventory.ClassificationTests.test_redirect_to_a_real_page_is_a_pass) ... ok
test_zero_in_84_days_is_a_write_off_and_never_an_alarm (test_url_inventory.ClassificationTests.test_zero_in_84_days_is_a_write_off_and_never_an_alarm)
A URL Google has dropped must not fail the build forever. ... ok
test_a_clean_deploy_reads_as_live (test_url_inventory.DeployGraceWindowTests.test_a_clean_deploy_reads_as_live) ... ok
test_a_grace_window_exists_and_is_short (test_url_inventory.DeployGraceWindowTests.test_a_grace_window_exists_and_is_short) ... ok
test_a_mismatch_inside_the_window_is_waiting_not_an_alarm (test_url_inventory.DeployGraceWindowTests.test_a_mismatch_inside_the_window_is_waiting_not_an_alarm) ... ok
test_a_mismatch_past_the_window_is_an_alarm (test_url_inventory.DeployGraceWindowTests.test_a_mismatch_past_the_window_is_an_alarm) ... ok
test_an_unknown_commit_age_is_stated_rather_than_guessed (test_url_inventory.DeployGraceWindowTests.test_an_unknown_commit_age_is_stated_rather_than_guessed) ... ok
test_daily_cycle_calls_the_guard_and_can_fail_on_it (test_url_inventory.GuardWiringTests.test_daily_cycle_calls_the_guard_and_can_fail_on_it) ... ok
test_the_guard_runs_after_the_build_in_the_gate (test_url_inventory.GuardWiringTests.test_the_guard_runs_after_the_build_in_the_gate)
It must read the build's generated output/_redirects, not the source file. ... ok
test_adds_a_leading_slash (test_url_inventory.PathNormalisationTests.test_adds_a_leading_slash) ... ok
test_does_not_append_a_trailing_slash (test_url_inventory.PathNormalisationTests.test_does_not_append_a_trailing_slash)
Regression: appending one stopped extension-less paths matching the build. ... ok
test_empty_becomes_root (test_url_inventory.PathNormalisationTests.test_empty_becomes_root) ... ok
test_root_variants_stay_root (test_url_inventory.PathNormalisationTests.test_root_variants_stay_root) ... ok
test_strips_origin_query_and_fragment (test_url_inventory.PathNormalisationTests.test_strips_origin_query_and_fragment) ... ok
test_variants_cover_both_slash_forms (test_url_inventory.PathNormalisationTests.test_variants_cover_both_slash_forms) ... ok
test_variants_cover_extension_less_serving (test_url_inventory.PathNormalisationTests.test_variants_cover_extension_less_serving)
Cloudflare serves foo.html at /foo; verified against production 2026-08-17. ... ok
test_exact_and_wildcard_rules_are_separated (test_url_inventory.RedirectLoadingTests.test_exact_and_wildcard_rules_are_separated) ... ok
test_missing_file_is_empty (test_url_inventory.RedirectLoadingTests.test_missing_file_is_empty) ... ok
test_prefers_the_built_file_over_the_source_file (test_url_inventory.RedirectLoadingTests.test_prefers_the_built_file_over_the_source_file)
Regression: reading static/_redirects reported 65 phantom leaks. ... ok
test_a_clean_run_says_so_explicitly (test_url_inventory.ReportingTests.test_a_clean_run_says_so_explicitly) ... ok
test_a_retired_url_still_earning_is_named_not_hidden (test_url_inventory.ReportingTests.test_a_retired_url_still_earning_is_named_not_hidden)
An allowlist must not become the place leaks go to hide. ... ok
test_summary_line_is_one_line_and_leads_with_the_alarm (test_url_inventory.ReportingTests.test_summary_line_is_one_line_and_leads_with_the_alarm) ... ok
test_summary_line_reports_a_missing_inventory (test_url_inventory.ReportingTests.test_summary_line_reports_a_missing_inventory) ... ok
test_the_report_always_states_the_floor_caveat (test_url_inventory.ReportingTests.test_the_report_always_states_the_floor_caveat)
Search Console withholds low-volume pages, so no count here is a total. ... ok
test_the_report_names_the_alarm_urls (test_url_inventory.ReportingTests.test_the_report_names_the_alarm_urls) ... ok
test_every_row_carries_the_fields_the_check_reads (test_url_inventory.ShippedInventoryTests.test_every_row_carries_the_fields_the_check_reads) ... ok
test_the_inventory_covers_the_2025_legacy_traffic (test_url_inventory.ShippedInventoryTests.test_the_inventory_covers_the_2025_legacy_traffic)
The whole point: the URLs the March 2026 rebuild dropped are in the record. ... ok
test_the_inventory_is_committed_and_parses (test_url_inventory.ShippedInventoryTests.test_the_inventory_is_committed_and_parses) ... ok
test_the_inventory_records_its_span_and_windows (test_url_inventory.ShippedInventoryTests.test_the_inventory_records_its_span_and_windows) ... ok
test_the_inventory_records_when_it_was_refreshed (test_url_inventory.ShippedInventoryTests.test_the_inventory_records_when_it_was_refreshed) ... ok
test_the_inventory_states_the_floor_caveat_in_the_data (test_url_inventory.ShippedInventoryTests.test_the_inventory_states_the_floor_caveat_in_the_data) ... ok
test_a_fresh_inventory_does_not_fail_on_staleness (test_url_inventory.StalenessTests.test_a_fresh_inventory_does_not_fail_on_staleness) ... ok
test_a_missing_inventory_is_a_failure_not_a_silent_pass (test_url_inventory.StalenessTests.test_a_missing_inventory_is_a_failure_not_a_silent_pass) ... ok
test_a_missing_stamp_reads_as_ancient (test_url_inventory.StalenessTests.test_a_missing_stamp_reads_as_ancient) ... ok
test_a_stale_inventory_fails_the_check (test_url_inventory.StalenessTests.test_a_stale_inventory_fails_the_check)
A guard nobody refreshes is the failure mode this tool exists to prevent. ... ok
test_age_is_measured_from_the_refreshed_stamp (test_url_inventory.StalenessTests.test_age_is_measured_from_the_refreshed_stamp) ... ok
test_the_alarm_window_is_inside_the_write_off_window (test_url_inventory.WindowPolicyTests.test_the_alarm_window_is_inside_the_write_off_window) ... ok
test_the_alarm_window_matches_the_rest_of_the_toolchain (test_url_inventory.WindowPolicyTests.test_the_alarm_window_matches_the_rest_of_the_toolchain)
28 days is the window daily_cycle.py and gsc_report.py already use. ... ok
test_the_write_off_window_matches_the_evidence_standard (test_url_inventory.WindowPolicyTests.test_the_write_off_window_matches_the_evidence_standard)
84 days is the twelve weeks the 2025 legacy write-off was argued on. ... ok
test_windows_end_before_the_search_console_lag (test_url_inventory.WindowPolicyTests.test_windows_end_before_the_search_console_lag) ... ok
test_every_quality_workflow_run_block_is_valid_bash (test_workflow_shell.WorkflowShellSyntaxTests.test_every_quality_workflow_run_block_is_valid_bash) ... ok

----------------------------------------------------------------------
Ran 666 tests in 11.849s

OK (skipped=4)
FLOWCHART PASSED: 5 nodes, 4 connectors
Canvas: 672×690; mobile font floor: 13.23px
RESULT 0
CHECK ['tools/audit_clusters.py', '--strict']
87 published posts across 5 clusters

   49  ai-engineering
   26  technical-documentation
    7  developer-experience
    3  ai-search-optimization
    2  distribution

--- undeclared cluster: 0 ---

--- no inbound link: 0 ---
Counts article bodies plus non-listing built pages. Listings are excluded:
CHARTER 2e says a related-posts dump is not a link.

--- fewer than 2 outbound links: 0 ---
Counts links to articles and to the tools and standing pages, since a link to
a tool sends a reader somewhere useful and satisfies 2e just as well.

--- glossary: 23 term(s), 23 linked from outside the glossary ---

--- cross-cluster links: 21 ---
Each needs the subject-of-the-sentence test applied by a reader. Not auto-fixable.

  engineering-velocity-documentation  [developer-experience]
    -> the-case-for-shorter-technical-documentation  [technical-documentation]
    anchor: shorter technical documentation usually works better
    2. **Findability**: Answers are discoverable in under 60 seconds, which is one reason [shorter technical documentation usually works better](/articles/the-case-for-shorter-technical-documentation/).

  engineering-velocity-documentation  [developer-experience]
    -> developer-onboarding-docs-what-works-what-doesnt  [technical-documentation]
    anchor: developer onboarding docs that actually work
    The "Time to First Commit" for a new hire is a leading indicator of organizational health. Teams with elite documentation cut that time by 40-60%, which is why [developer onboarding docs that actually

  from-engineer-to-technical-writer-what-i-kept-and-what-i-left-behind  [developer-experience]
    -> agent-harnesses  [ai-engineering]
    anchor: Agent harnesses
    A debugger's mindset persists in my writing for that reason. My post on [Agent harnesses](/articles/agent-harnesses/) focuses on control flow and observability because prompting advice often skips ret

  from-engineer-to-technical-writer-what-i-kept-and-what-i-left-behind  [developer-experience]
    -> how-to-write-a-changelog-developers-actually-read  [technical-documentation]
    anchor: How to Write a Changelog That Developers Actually Read
    [How to Write a Changelog That Developers Actually Read](/articles/how-to-write-a-changelog-developers-actually-read/) is one example from this site. That post gives me a stable reference point to lin

  how-stripes-technical-blog-became-a-competitive-moat  [developer-experience]
    -> how-to-write-a-changelog-developers-actually-read  [technical-documentation]
    anchor: my changelog post
    I argued in [my changelog post](/articles/how-to-write-a-changelog-developers-actually-read/) that changelogs are a trust instrument. Stripe proves the point at scale.

  how-stripes-technical-blog-became-a-competitive-moat  [developer-experience]
    -> how-to-find-the-right-subreddit-for-a-developer-product  [distribution]
    anchor: choosing the right subreddit for a developer product
    A founder searching for “Stripe API upgrades,” an engineer searching for webhook debugging, and a platform team searching for sandbox strategy can all enter through different posts and land inside the

  how-stripes-technical-blog-became-a-competitive-moat  [developer-experience]
    -> agent-harnesses  [ai-engineering]
    anchor: agent harnesses
    I covered a similar dynamic in [agent harnesses](/articles/agent-harnesses/). Teams trust systems that make failure legible and recoverable.

  how-to-find-the-right-subreddit-for-a-developer-product  [distribution]
    -> how-stripes-technical-blog-became-a-competitive-moat  [developer-experience]
    anchor: technical-blog model behind Stripe's distribution
    Choose the community where your useful contribution has a natural form. That decision is closer to the way a technical content archive earns distribution: the work has to solve a reader's existing pro

  how-to-find-the-right-subreddit-for-a-developer-product  [distribution]
    -> technical-writing-for-engineers  [developer-experience]
    anchor: technical writing for engineers
    A first contribution should make a reader's next move clearer. The same standard shapes [technical writing for engineers](/articles/technical-writing-for-engineers/): a useful explanation earns attent

  reddit-self-promotion-rules-read-properly  [distribution]
    -> developer-trust-hierarchy  [developer-experience]
    anchor: developer trust hierarchy
    The trust problem is not only a moderation problem. Engineers judge promotional intent before they judge a claim, which is the mechanism behind the [developer trust hierarchy](/articles/developer-trus

  state-of-ai-agent-memory-2026  [ai-engineering]
    -> developer-onboarding-docs-what-works-what-doesnt  [technical-documentation]
    anchor: developer onboarding documentation
    I wrote about a similar fragmentation problem in [developer onboarding documentation](/articles/developer-onboarding-docs-what-works-what-doesnt/), and the pattern is the same. When a problem space is

  technical-writing-for-ai-products-the-new-rules  [developer-experience]
    -> structured-outputs-llms-json-mode-function-calling  [ai-engineering]
    anchor: structured outputs
    I covered the schema side of that problem in my post on [structured outputs](/articles/structured-outputs-llms-json-mode-function-calling/). OpenAI's structured outputs docs say the feature ensures th

  technical-writing-for-ai-products-the-new-rules  [developer-experience]
    -> how-to-write-a-changelog-developers-actually-read  [technical-documentation]
    anchor: how to write a changelog developers actually read
    I wrote recently about [how to write a changelog developers actually read](/articles/how-to-write-a-changelog-developers-actually-read/). AI product teams need the same discipline, except the changelo

  technical-writing-for-ai-products-the-new-rules  [developer-experience]
    -> agent-harnesses  [ai-engineering]
    anchor: agent harnesses
    Last comes the retrieval layer around modern tooling, meaning site search, support copilots, coding assistants, internal knowledge bases, and agent harnesses that quote your docs back to users.

  technical-writing-for-engineers  [developer-experience]
    -> the-case-for-shorter-technical-documentation  [technical-documentation]
    anchor: the case for shorter technical documentation
    There is a real functional reason behind it, the same one that drives [the case for shorter technical documentation](/articles/the-case-for-shorter-technical-documentation/). Short paragraphs break in

  technical-writing-for-engineers  [developer-experience]
    -> how-to-write-a-technical-tutorial-that-actually-teaches  [technical-documentation]
    anchor: writing a technical tutorial that actually teaches
    Tutorials should say "here is how to build X" and hold the reader's hand through every step, which is the whole craft of [writing a technical tutorial that actually teaches](/articles/how-to-write-a-t

  technical-writing-for-engineers  [developer-experience]
    -> code-documentation  [technical-documentation]
    anchor: boundary between a code comment, generated reference, and external guide
    The [boundary between a code comment, generated reference, and external guide](/articles/code-documentation/) determines which question each page should answer before an engineer starts writing.

  technical-writing-for-engineers  [developer-experience]
    -> developer-onboarding-docs-what-works-what-doesnt  [technical-documentation]
    anchor: developer onboarding docs that fail and the practices that actually work
    Delete onboarding documents that contradict the current codebase, because stale guidance is one of the clearest signs of [developer onboarding docs that fail and the practices that actually work](/art

  the-case-for-shorter-technical-documentation  [technical-documentation]
    -> agent-harnesses  [ai-engineering]
    anchor: Agent harnesses
    Infrastructure topics attract vague abstractions, so I organized [Agent harnesses](/articles/agent-harnesses/) as focused sections rather than one sprawling essay.

  why-devtools-startups-lose-deals-over-bad-docs  [developer-experience]
    -> how-to-write-a-changelog-developers-actually-read  [technical-documentation]
    anchor: How to Write a Changelog That Developers Actually Read
    I covered that problem from the user side in [How to Write a Changelog That Developers Actually Read](/articles/how-to-write-a-changelog-developers-actually-read/) and from the release side in [Writin

  why-devtools-startups-lose-deals-over-bad-docs  [developer-experience]
    -> writing-release-notes-that-developers-trust  [technical-documentation]
    anchor: Writing release notes that developers trust
    I covered that problem from the user side in [How to Write a Changelog That Developers Actually Read](/articles/how-to-write-a-changelog-developers-actually-read/) and from the release side in [Writin
RESULT 0
CHECK ['tools/audit_stylesheets.py', '--strict']
every page that uses a class links the stylesheet defining it

served correctly: {'linter.css': 4, 'visuals.css': 61, 'flowcharts.css': 8}
This checks linkage only. It cannot see layout — a computed style read in a
browser is the other half, and `.flowchart-node` computing to display:inline
is the signature of this failure.
RESULT 0
CHECK ['tools/audit_structure.py', '--strict']

## glossary: 7 of 23 pages carry a diagram (30%), 7 distinct shape(s)
  [distinct] 1 page(s) — nodes=4 branches=2 outcomes=0
      flowchart>caption>caption-label>body>root>node>root>node>branches>branch>edge-label>node>branch>edge-lab
      agentic-router
  [distinct] 1 page(s) — nodes=7 branches=2 outcomes=2
      flowchart>caption>caption-label>body>root>node>root>node>root>node>branches>branch>edge-label>node>branc
      hierarchical-navigable-small-world-hnsw
  [distinct] 1 page(s) — nodes=6 branches=2 outcomes=0
      flowchart>caption>caption-label>body>root>node>root>node>root>node>root>node>branches>branch>edge-label>
      kv-cache-eviction
  [distinct] 1 page(s) — nodes=6 branches=2 outcomes=2
      flowchart>caption>caption-label>body>root>node>root>node>branches>branch>edge-label>node>branch>edge-lab
      pagedattention
  [distinct] 1 page(s) — nodes=5 branches=2 outcomes=0
      flowchart>caption>caption-label>body>root>node>root>node>root>node>branches>branch>edge-label>node>branc
      semantic-chunking
  [distinct] 1 page(s) — nodes=5 branches=2 outcomes=2
      flowchart>caption>caption-label>body>root>node>branches>branch>edge-label>node>branch>edge-label>node>ou
      speculative-decoding
  [distinct] 1 page(s) — nodes=3 branches=2 outcomes=0
      flowchart>caption>caption-label>body>root>node>branches>branch>edge-label>node>branch>edge-label>node>no
      tool-calling

## technical-documentation: 1 of 26 pages carry a diagram (4%), 1 distinct shape(s)
  [distinct] 1 page(s) — nodes=0 branches=0 outcomes=0
      image
      internal-vs-external-documentation

0 structural problem(s). No group shares a diagram skeleton, and none is saturated.
RESULT 0
CHECK ['tools/audit_inert_css.py', '--strict']
no inert declaration found on any inline element
scanned 262 page(s) against 535 resolvable rule(s); 148 carry a vertical-spacing or sizing property
UNEXAMINED: 120 selector(s) use pseudo-classes, attributes or ids and were not judged.
Stated rather than hidden: a gate that conceals its blind spot is worse than none.
RESULT 0
